1	ὁ	l	the	na	866.45	1007.71	833.78
2	,	u	nodef	na	793.67	521.00	877.09
3	καί	b	and	na	508.19	536.24	503.51
4	.	u	nodef	na	354.31	355.27	378.99
5	δέ	b	but	na	290.37	385.75	194.91
6	εἰμί	v	to be	na	238.09	173.34	249.05
7	οὗτος	a	this; that	na	147.68	161.92	113.69
8	·	u	nodef	na	135.37	217.16	157.01
9	αὐτός	a	unemph. 3rd pers.pronoun; -self; [the] same 	na	135.25	172.39	124.52
10	ἐγώ	p	I (first person pronoun)	na	132.19	73.34	238.22
11	;	u	nodef	na	111.32	8.57	86.62
12	τε	b	and	na	106.49	45.71	97.45
13	μέν	d	on the one hand	na	106.14	96.19	54.14
14	οὐ	d	not	na	102.95	62.86	97.45
15	φημί	v	to say	na	98.42	30.47	124.52
16	λέγω	v	to pick; to say	na	97.24	70.48	162.42
17	ὅς	p	who	na	94.58	85.72	108.28
18	τις	a	any one	na	85.69	68.57	151.59
19	ἐν	r	in	na	80.50	66.67	32.48
20	ἄν	d	modal particle	na	73.31	37.14	75.79
21	γάρ	d	for	na	69.95	56.19	113.69
22	ἤ	b	either..or; than	na	68.83	35.24	75.79
23	ἀλλά	b	otherwise	na	66.18	38.09	92.04
24	ὡς	c	as	na	65.53	78.10	64.97
25	ἄλλος	a	other	na	62.11	55.24	43.31
26	πολύς	a	much	na	55.51	62.86	81.21
27	ἔχω	v	to have	na	54.33	66.67	54.14
28	μή	d	not	na	53.04	27.62	54.14
29	δή	d	[interactional particle: S&H on same page]	na	52.21	33.33	54.14
30	ὅτι	c	adv. + superl.	na	52.09	48.57	59.55
31	σύ	p	you (personal pronoun)	na	50.80	41.90	64.97
32	γε	d	at least	na	49.50	16.19	75.79
33	εἰς	r	into	na	46.44	84.76	32.48
34	πᾶς	a	all	na	46.08	42.86	21.65
35	εἰ	c	conj. if	na	45.55	36.19	37.89
36	οὖν	d	so	na	44.84	30.47	86.62
37	ἐπί	r	on	na	44.84	65.72	16.24
38	πρός	r	(w. gen.) from; (w. dat.) at	na	44.67	52.38	54.14
39	γίγνομαι	v	become	na	43.14	37.14	37.89
40	ποιέω	v	to make	na	34.71	49.52	48.72
41	δοκέω	v	seem	na	34.12	26.66	48.72
42	περί	r	around	na	33.88	20.00	43.31
43	τίς	a	who? which?	na	33.18	9.52	21.65
44	τοιοῦτος	a	such as this	na	32.06	4.76	21.65
45	πόλις	n	a city	na	31.70	30.47	5.41
46	ἐκ	r	from out of	na	31.41	30.47	5.41
47	ἀγαθός	a	good	na	30.41	16.19	10.82
48	ἑαυτοῦ	p	himself	na	30.29	42.86	32.48
49	οὕτως	d	so	na	29.17	12.38	32.48
50	μάλα	d	very	na	27.40	14.28	16.24
51	ἐάν	c	if	na	26.34	19.04	21.65
52	ὁράω	v	to see	na	25.34	22.85	16.24
53	οἴομαι	v	to suppose	na	24.98	11.42	21.65
54	οὐδείς	a	not one	na	24.51	26.66	10.82
55	ἀνήρ	n	a man	na	23.92	28.57	16.24
56	δέω	v	to bind	na	23.75	9.52	21.65
57	διά	r	through c. gen.; because of c. acc.	na	22.33	33.33	27.07
58	ὦ	i	O! oh!	na	21.57	6.66	92.04
59	ὑπό	r	from under	na	21.39	24.76	10.82
60	ἐκεῖνος	a	that over there	na	21.03	19.04	16.24
61	κατά	r	down	na	20.62	20.00	10.82
62	οὐδέ	d	and/but not; not even	na	20.45	18.09	16.24
63	ἔρχομαι	v	to come	na	19.86	27.62	32.48
64	οὔτε	b	neither / nor	na	19.86	17.14	37.89
65	λόγος	n	the word	na	19.38	1.90	21.65
66	παρά	r	from the side of	na	18.44	36.19	37.89
67	λαμβάνω	v	to take	na	17.97	34.28	21.65
68	ἐπεί	c	after	na	17.85	33.33	0
69	μέγας	a	big	na	17.68	24.76	16.24
70	οἷος	p	(such a kind) as; for οἷός τε see οἷος III.2	na	17.62	3.80	16.24
71	ὅσος	p	as much/many as	na	16.91	9.52	32.48
72	νῦν	d	now at this very time	na	16.50	2.85	37.89
73	ὥσπερ	c	just as if	na	16.20	13.33	27.07
74	βούλομαι	v	to will	na	15.91	18.09	10.82
75	Ἕλλην	n	Hellen; Greek	na	15.85	49.52	0
76	ἕκαστος	a	every	na	15.49	13.33	5.41
77	οὐκοῦν	d	therefore	na	15.44	1.90	10.82
78	οἶδα	v	to know	na	15.20	16.19	16.24
79	πολέμιος	a	hostile; enemy	na	15.08	16.19	0
80	ἀκούω	v	to hear	na	14.85	21.90	10.82
81	δίκαιος	a	just	na	14.79	2.85	10.82
82	Ξενοφῶν	n	Xenophon	na	14.73	0.95	0
83	ἄρχω	v	(to be first) to rule	na	14.61	16.19	0
84	πῶς	d	how? in what way	na	14.49	0.95	21.65
85	ἄρα	d	particle: 'so'	na	14.49	0.95	5.41
86	θεός	n	god	na	14.43	2.85	16.24
87	καλός	a	beautiful	na	14.26	4.76	5.41
88	δύναμαι	v	to be able	na	13.90	13.33	5.41
89	Κῦρος	n	Cyrus	na	13.90	162.87	0
90	κακός	a	bad	na	13.73	4.76	10.82
91	εἷς	a	one	na	13.61	7.61	21.65
92	ψυχή	n	breath	na	13.49	0	5.41
93	φαίνω	v	to bring to light	na	13.37	8.57	16.24
94	αὖ	d	again	na	12.72	7.61	10.82
95	πάνυ	d	altogether	na	12.61	5.71	32.48
96	μετά	r	(w gen) with	na	12.43	19.04	21.65
97	βασιλεύς	n	a king	na	12.37	69.53	0
98	φίλος	a	friend; loved	na	12.08	25.71	10.82
99	ἄνθρωπος	n	man	na	12.08	9.52	16.24
100	πρῶτος	a	first	na	12.02	12.38	5.41
101	πορεύω	v	to make to go	na	12.02	12.38	10.82
102	ἀπό	r	from	na	11.96	16.19	16.24
103	—	u	nodef	na	11.72	0	10.82
104	ἆρα	d	particle introducing a question	na	11.49	0	5.41
105	μήν	d	now verily	na	11.25	5.71	5.41
106	ἀληθής	a	unconcealed	na	11.25	0	27.07
107	ἔοικα	v	to be like; to look like	na	11.19	0	5.41
108	ἔτι	d	yet	na	10.90	13.33	32.48
109	που	d	anywhere	na	10.84	0.95	5.41
110	ὥστε	c	so that	na	10.60	19.04	0
111	φύσις	n	the nature	na	10.43	0	0
112	στράτευμα	n	an expedition	na	10.31	41.90	0
113	ἀνάγκη	n	force	na	10.19	1.90	0
114	σύν	r	along with	na	10.19	29.52	0
115	ἤδη	d	already	na	10.01	9.52	27.07
116	στρατιώτης	n	a citizen bound to military service;	na	9.95	26.66	0
117	ἄγω	v	to lead	na	9.72	16.19	5.41
118	πράσσω	v	do	na	9.72	1.90	0
119	ὅταν	c	when	na	9.66	0	5.41
120	ἀλλήλων	p	of one another	na	9.60	6.66	5.41
121	τοίνυν	d	therefore	na	9.48	0	10.82
122	ἡγέομαι	v	to lead; to consider	na	9.13	4.76	5.41
123	ἐθέλω	v	to will	na	9.07	9.52	10.82
124	στρατηγός	n	the leader	na	9.01	15.23	0
125	πείθω	v	to prevail upon	na	8.95	14.28	21.65
126	μέντοι	d	however	na	8.84	7.61	27.07
127	τότε	d	at that time	na	8.78	9.52	16.24
128	ἐνταῦθα	d	here	na	8.72	35.24	10.82
129	δίδωμι	v	to give	na	8.72	24.76	5.41
130	ὅδε	a	this	na	8.54	5.71	5.41
131	ὅπως	c	how	na	8.54	12.38	0
132	ἡμέρα	n	day	na	8.48	25.71	0
133	κελεύω	v	to urge	na	8.36	21.90	16.24
134	δικαιοσύνη	n	righteousness	na	8.36	0.95	16.24
135	παῖς	n	a child	na	8.30	7.61	21.65
136	δῆλος	a	visible	na	8.01	5.71	0
137	ἀπέρχομαι	v	to go away	na	7.95	17.14	16.24
138	ὅστις	p	indef. relative or indirect interrogative	na	7.95	7.61	0
139	ὀρθός	d	straight	na	7.72	0.95	10.82
140	καλέω	v	to call	na	7.60	9.52	0
141	εὖ	d	well	na	7.54	8.57	37.89
142	μέλλω	v	to think of doing	na	7.36	1.90	0
143	μηδείς	a	(and not one); not one	na	7.30	3.80	5.41
144	τίθημι	v	to set	na	7.13	5.71	10.82
145	χράω	v	to fall upon	na	7.07	8.57	0
146	ἕτερος	a	the one; the other (of two)	na	7.07	1.90	0
147	ἵνα	c	in order that (conj.); where (rel. adv.)	na	7.07	3.80	0
148	τυγχάνω	v	(with gen.) to hit the mark	na	7.01	9.52	5.41
149	βίος	n	life	na	7.01	1.90	16.24
150	μήτε	b	neither / nor	na	7.01	1.90	0
151	ἀεί	d	always	na	6.95	0.95	5.41
152	σῶμα	n	the body	na	6.89	3.80	5.41
153	ἄρχων	n	a ruler	na	6.89	2.85	0
154	ἐναντίος	a	opposite	na	6.77	0	0
155	σκοπέω	v	to look at	na	6.71	0.95	5.41
156	γυνή	n	a woman	na	6.65	3.80	5.41
157	χώρα	n	land	na	6.65	16.19	0
158	ἡδονή	n	delight	na	6.60	0	16.24
159	φέρω	v	to bear	na	6.60	4.76	16.24
160	πάρειμι	v	be present	na	6.60	12.38	5.41
161	δεῖ	v	it is necessary	na	6.54	4.76	0
162	ἥκω	v	to have come	na	6.48	11.42	5.41
163	ἐπειδή	c	nodef	na	6.48	5.71	5.41
164	ἀδικέω	v	to do wrong	na	6.42	8.57	10.82
165	ἅμα	d	at once	na	6.36	3.80	10.82
166	ἄδικος	a	wrong-doing	na	6.36	2.85	5.41
167	ἐπιτήδειος	a	suitable; useful	na	6.30	4.76	0
168	μένω	v	to stay at home	na	6.24	20.00	10.82
169	δύναμις	n	power	na	6.24	3.80	5.41
170	πάλιν	d	back	na	6.24	10.47	0
171	τρόπος	n	a turn	na	6.18	2.85	10.82
172	ποταμός	n	a river	na	6.18	28.57	0
173	ἕνεκα	r	on account of	na	6.12	4.76	10.82
174	ἀφικνέομαι	v	to come to	na	6.07	8.57	0
175	μανθάνω	v	to learn	na	6.01	0.95	0
176	αἱρέω	v	to take	na	5.95	9.52	0
177	ποτέ	d	nodef	na	5.89	5.71	10.82
178	μηδέ	b	but not	na	5.89	0.95	10.82
179	ναί	i	yea	na	5.89	0	0
180	ἀρχή	n	a beginning	na	5.89	4.76	0
181	ποῖος	a	of what nature? of what sort?	na	5.83	0	10.82
182	ὅπλον	n	a tool	na	5.77	11.42	5.41
183	δυνατός	a	strong	na	5.77	2.85	0
184	ἔργον	n	work	na	5.71	2.85	5.41
185	νομίζω	v	to have as a custom; to believe	na	5.71	14.28	0
186	μικρός	a	small	na	5.65	0.95	0
187	διέρχομαι	v	to go through	na	5.65	0.95	0
188	Σεύθης	n	Seuthes	na	5.65	0	0
189	χρῆμα	n	thing	na	5.59	11.42	27.07
190	ἀρετή	n	goodness	na	5.53	1.90	0
191	πολιτεία	n	citizenship	na	5.53	0	0
192	καλός	d	beautiful	na	5.48	4.76	5.41
193	δύο	a	two	na	5.48	12.38	0
194	ἅπας	a	quite all	na	5.48	7.61	0
195	ὁμολογέω	v	agree	na	5.48	5.71	0
196	χωρίον	n	a particular place	na	5.48	1.90	0
197	ἐντεῦθεν	d	hence	na	5.42	22.85	0
198	ταχύς	a	quick	na	5.42	11.42	0
199	Κλέαρχος	n	Clearchus	na	5.42	33.33	0
200	ὁδός	n	a way	na	5.36	8.57	5.41
201	ἱππεύς	n	a horseman	na	5.36	19.04	0
202	παρέχω	v	to furnish	na	5.30	0.95	0
203	λοχαγός	n	the leader of an armed band; commander of a company	na	5.30	1.90	0
204	Ζεύς	n	Zeus	na	5.18	1.90	5.41
205	πάσχω	v	to experience	na	5.18	4.76	5.41
206	δόξα	n	a notion	na	5.18	0	0
207	κώμη	n	country town	na	5.18	3.80	0
208	διαβαίνω	v	to cross (a river	na	5.18	10.47	0
209	Σωκράτης	n	Socrates	na	5.12	2.85	59.55
210	ζάω	v	to live	na	5.12	3.80	16.24
211	παντάπασι	d	all in all	na	5.12	0.95	10.82
212	ὅσπερ	p	the very man who	na	5.12	2.85	5.41
213	εἴτε	b	whether..or (regardless of whether A or B)	na	5.12	0	0
214	πόλεμος	n	battle	na	5.12	6.66	0
215	ὀλίγος	a	few	na	5.06	3.80	5.41
216	ἵππος	n	a horse	na	5.06	15.23	16.24
217	νέος	a	young	na	5.06	1.90	5.41
218	ἀποδίδωμι	v	to give back	na	5.06	4.76	27.07
219	ἱκανός	a	becoming	na	5.06	4.76	0
220	μέσος	a	middle	na	5.00	19.04	5.41
221	γιγνώσκω	v	to learn to know	na	5.00	7.61	0
222	φύλαξ	n	a watcher	na	5.00	0.95	0
223	τρεῖς	a	three	na	5.00	20.95	0
224	Χειρίσοφος	n	Chirisophus	na	5.00	0.95	0
225	ἕπομαι	v	follow	na	4.95	9.52	0
226	Γλαύκων	n	Glaucon	na	4.89	0	27.07
227	ἀποκρίνω	v	to separate	na	4.89	6.66	5.41
228	βάρβαρος	a	barbarous	na	4.89	16.19	0
229	κρατύς	a	strong	na	4.77	4.76	0
230	φεύγω	v	to flee	na	4.77	13.33	0
231	ὄρος	n	a mountain	na	4.77	4.76	0
232	στρατιά	n	army	na	4.71	7.61	0
233	χρόνος	n	time	na	4.65	4.76	5.41
234	χαλεπός	a	hard to bear	na	4.65	0.95	21.65
235	ἀλήθεια	n	truth	na	4.65	0	5.41
236	μάχομαι	v	to fight	na	4.65	12.38	0
237	ἀδικία	n	injustice	na	4.65	0	0
238	ἀπόλλυμι	v	to destroy	na	4.59	2.85	0
239	τέχνη	n	art	na	4.53	0	0
240	δεινός	a	fearful	na	4.53	0.95	0
241	ἐρωτάω	v	to ask	na	4.47	4.76	5.41
242	εἶδος	n	that which is seen	na	4.47	0	0
243	ὑπέρ	r	over	na	4.47	5.71	0
244	μόνον	d	nodef	na	4.42	0	0
245	νόμος	n	usage	na	4.42	0.95	0
246	εὐθύς	d	straight	na	4.36	6.66	5.41
247	εὑρίσκω	v	to find	na	4.36	1.90	5.41
248	πέμπω	v	to send	na	4.30	12.38	5.41
249	ἴσως	d	equally	na	4.30	0	10.82
250	ἐπαινέω	v	to approve	na	4.24	2.85	5.41
251	θάλασσα	n	the sea	na	4.24	7.61	0
252	ἐπιστήμη	n	knowledge	na	4.24	0	0
253	πρίν	c	before; (after negated main clause) until	na	4.18	7.61	0
254	μισθός	n	wages	na	4.18	5.71	0
255	πρόσθεν	d	before	na	4.18	11.42	0
256	τοσοῦτος	a	so large	na	4.12	4.76	10.82
257	αὐτός	p	unemph. 3rd pers.pronoun; -self; [the] same 	na	4.12	4.76	0
258	τρέφω	v	to nourish	na	4.12	1.90	0
259	ἥσσων	a	less	na	4.06	0	10.82
260	χρή	v	it is fated	na	4.06	1.90	37.89
261	ἐπιθυμία	n	desire	na	4.06	0	10.82
262	ἔνειμι	v	to be in; to be possible	na	4.06	3.80	0
263	Τισσαφέρνης	n	Tissaphernes	na	4.06	19.04	0
264	ὅμοιος	a	like	na	4.00	0	0
265	πειράω	v	to attempt	na	3.94	4.76	0
266	νύξ	n	the night	na	3.94	1.90	0
267	ἀναγκάζω	v	to force	na	3.94	0	0
268	ὁπλίτης	n	heavy-armed	na	3.94	19.04	0
269	ἔνθα	d	there	na	3.94	8.57	0
270	ἄξιος	a	worthy	na	3.88	4.76	10.82
271	θύω	v	to sacrifice	na	3.88	1.90	5.41
272	οἰκεῖος	a	in or of the house	na	3.88	0	16.24
273	πότερον	d	whether	na	3.88	0.95	16.24
274	ἀναγκαῖος	a	necessary	na	3.88	0.95	0
275	φύω	v	to bring forth	na	3.83	0.95	0
276	ὅλος	a	whole	na	3.83	0.95	0
277	ἴδιος	a	one's own	na	3.77	0.95	0
278	ἀμφότερος	a	each of two	na	3.77	3.80	0
279	συμφέρω	v	to bring together; impers. to benefit	na	3.71	0	0
280	ἐπιχειρέω	v	to attempt	na	3.71	0.95	0
281	τιμάω	v	to honor; to value something at a price (gen.)	na	3.71	5.71	0
282	διώκω	v	to pursue	na	3.71	12.38	0
283	σῴζω	v	to save	na	3.71	1.90	0
284	ἱκανός	d	becoming	na	3.65	0	0
285	ἔπειτα	d	then	na	3.59	2.85	5.41
286	πλοῖον	n	a floating vessel	na	3.59	7.61	0
287	λανθάνω	v	to escape notice	na	3.59	2.85	0
288	ὧδε	d	in this wise	na	3.59	3.80	0
289	ἐλαχύς	a	small	na	3.53	0	16.24
290	ἀνίστημι	v	to make to stand up	na	3.53	3.80	0
291	Θρασύμαχος	n	Thrasymachus	na	3.47	0	5.41
292	πατήρ	n	a father	na	3.47	3.80	21.65
293	τελευτάω	v	to complete	na	3.47	1.90	5.41
294	μέρος	n	a part	na	3.47	1.90	5.41
295	εἴπερ	c	strengthd. for εἰ	na	3.47	0.95	5.41
296	προσήκω	v	to have come; to belong to	na	3.47	0.95	0
297	φυλάσσω	v	to keep watch and ward	na	3.47	5.71	0
298	ἀδύνατος	a	unable	na	3.47	0	0
299	ἑκάτερος	a	each of two	na	3.47	0.95	0
300	οἰκία	n	a building	na	3.47	0	0
301	τάσσω	v	to arrange	na	3.41	9.52	0
302	γένος	n	race	na	3.41	0.95	0
303	ἀποθνῄσκω	v	to die	na	3.41	5.71	0
304	τάξις	n	an arranging	na	3.41	9.52	0
305	γῆ	n	earth	na	3.35	3.80	0
306	ἄνω	d	to accomplish	na	3.35	1.90	0
307	κτάομαι	v	to procure for oneself	na	3.30	1.90	32.48
308	καθίστημι	v	to set down	na	3.30	6.66	0
309	διαφέρω	v	to carry through; be different from	na	3.30	0	0
310	ἐάω	v	to let	na	3.30	3.80	0
311	αἰσθάνομαι	v	to perceive	na	3.30	7.61	0
312	παρασάγγης	n	a parasang	na	3.30	26.66	0
313	ὅτε	c	when	na	3.24	5.71	0
314	οἰκέω	v	to inhabit	na	3.24	3.80	0
315	μάθημα	n	that which is learnt	na	3.24	0	0
316	σταθμός	n	a standing place	na	3.24	24.76	0
317	δίκη	n	(custom	na	3.18	1.90	5.41
318	εὐδαίμων	a	fortunate	na	3.18	8.57	0
319	βουλεύω	v	to take counsel	na	3.18	8.57	0
320	λοιπός	a	remaining	na	3.18	0	0
321	ἡγεμών	n	leader	na	3.18	6.66	0
322	ὁπότε	c	when	na	3.12	3.80	0
323	ζητέω	v	to seek	na	3.12	0	0
324	πελταστής	n	one who bears a light shield	na	3.12	6.66	0
325	σφόδρα	d	very	na	3.06	0.95	16.24
326	ποιητής	n	one who makes	na	3.06	0	16.24
327	ὀρθός	a	straight	na	3.06	0	0
328	κακός	d	bad	na	3.00	3.80	5.41
329	ἄλλος	d	other	na	3.00	0.95	10.82
330	ἐπειδάν	c	whenever.	na	3.00	0.95	10.82
331	ἀντί	r	over against	na	3.00	6.66	5.41
332	ἐννοέω	v	to have in one's thoughts	na	3.00	0	0
333	μιμέομαι	v	to mimic	na	3.00	0	0
334	νικάω	v	to conquer	na	3.00	10.47	0
335	πεδίον	n	a plain	na	3.00	11.42	0
336	σοφός	a	wise	na	2.94	0.95	0
337	στρατόπεδον	n	the ground on which soldiers are encamped	na	2.94	4.76	0
338	μόνος	a	alone	na	2.94	0.95	0
339	δέχομαι	v	to take	na	2.94	2.85	0
340	ἔξω	d	out	na	2.94	5.71	0
341	Λακεδαιμόνιος	a	Spartan	na	2.94	4.76	0
342	ἀμφί	r	on both sides	na	2.94	13.33	0
343	θεάομαι	v	to look on	na	2.88	2.85	16.24
344	ἡδύς	a	sweet	na	2.88	3.80	5.41
345	ἐχθρός	a	hated	na	2.88	2.85	0
346	γοῦν	d	at least then	na	2.88	0	0
347	ἐγγίγνομαι	v	to be born or bred in; be innate	na	2.88	0	0
348	πολεμέω	v	to be at war	na	2.88	8.57	0
349	πρέσβυς	a	an old man; pl. ambassadors	na	2.88	2.85	0
350	ἐγγύς	d	near	na	2.76	0.95	10.82
351	νόος	n	mind	na	2.76	0.95	5.41
352	φοβέω	v	to put to flight	na	2.76	2.85	0
353	ὄνομα	n	name	na	2.76	4.76	0
354	τρίτος	a	the third	na	2.76	2.85	0
355	πλῆθος	n	a great number	na	2.76	2.85	0
356	σφεῖς	p	personal and (ind.) reflexive pronoun	na	2.71	1.90	5.41
357	κινδυνεύω	v	to be daring	na	2.71	3.80	0
358	ἀξιόω	v	to think worthy of; to expect	na	2.71	3.80	0
359	δημιουργός	n	one who works for the people	na	2.71	0	0
360	τε	d	and	na	2.71	3.80	0
361	ἡμέτερος	a	our	na	2.71	2.85	0
362	φιλόσοφος	n	a lover of wisdom	na	2.71	0	0
363	ἐκεῖ	d	there	na	2.65	4.76	10.82
364	δείδω	v	to fear	na	2.65	3.80	5.41
365	ὅμως	d	all the same	na	2.65	2.85	0
366	κρατέω	v	to be strong	na	2.65	0.95	0
367	τιμή	n	that which is paid in token of worth	na	2.65	0.95	0
368	ὑπισχνέομαι	v	to promise	na	2.65	6.66	0
369	ἵστημι	v	to make to stand	na	2.65	10.47	0
370	Ἑλλάς	n	Hellas	na	2.65	3.80	0
371	προσέρχομαι	v	to come	na	2.59	6.66	5.41
372	πλήν	r	except	na	2.59	8.57	0
373	Ὅμηρος	n	Homer	na	2.59	0	0
374	μά	r	(no	na	2.59	0.95	0
375	πρᾶγμα	n	that which has been done	na	2.59	3.80	0
376	νυνδί	d	nodef	na	2.59	0	0
377	κρίνω	v	to pick out	na	2.59	4.76	0
378	ἄνευ	r	without	na	2.59	1.90	0
379	μέχρι	r	until (prep. and conj. w. aor.)	na	2.59	4.76	0
380	καταλαμβάνω	v	to seize upon	na	2.53	3.80	5.41
381	καταλείπω	v	to leave behind	na	2.53	1.90	5.41
382	παραδίδωμι	v	to hand over	na	2.53	0	5.41
383	μάχη	n	battle	na	2.53	12.38	0
384	ἐργάζομαι	v	to work	na	2.53	0	0
385	ἔξεστι	v	it is allowed	na	2.53	0	0
386	ἀγορά	n	an assembly of the people	na	2.53	5.71	0
387	παρέρχομαι	v	to go by	na	2.53	5.71	0
388	ῥᾴδιος	a	easy	na	2.47	0	5.41
389	πλούσιος	a	rich	na	2.47	0.95	10.82
390	αἰσχρός	a	causing shame	na	2.47	0.95	0
391	ὅπη	d	by which way	na	2.47	2.85	0
392	φιλοσοφία	n	love of knowledge and wisdom	na	2.47	0	0
393	ὅπου	d	where	na	2.41	4.76	5.41
394	ἦ	d	in truth	na	2.41	0.95	5.41
395	πονηρός	a	toilsome	na	2.41	0	0
396	ἐπιθυμέω	v	to set one's heart upon	na	2.41	1.90	0
397	πολίτης	n	(fellow) citizen	na	2.41	0	0
398	οἴχομαι	v	to be gone	na	2.41	2.85	0
399	ἀποκτείνω	v	to kill	na	2.41	4.76	0
400	ἐπιτήδευμα	n	a pursuit	na	2.41	0	0
401	πέντε	a	five	na	2.41	17.14	0
402	εἴκοσι	a	twenty	na	2.41	11.42	0
403	Ἀρκάς	n	Arcadian	na	2.41	3.80	0
404	στάδιον	n	a stade	na	2.41	4.76	0
405	τοιόσδε	a	such a	na	2.35	2.85	5.41
406	πρότερος	a	before	na	2.35	1.90	0
407	τέσσαρες	a	four	na	2.35	11.42	0
408	παρασκευάζω	v	to get ready	na	2.35	3.80	0
409	χείρ	n	the hand	na	2.35	6.66	0
410	ἅπτω	v	to fasten	na	2.35	0.95	0
411	πῦρ	n	fire	na	2.35	0	0
412	παραγγέλλω	v	to transmit as a message; give orders	na	2.35	7.61	0
413	οὐδαμῶς	d	in no wise	na	2.29	0	5.41
414	αἴτιος	a	to blame	na	2.29	0.95	16.24
415	οὐσία	n	that which is one's own	na	2.29	0	16.24
416	ἐξαπατάω	v	to deceive	na	2.29	0	5.41
417	φαῦλος	a	slight	na	2.29	0	0
418	ἐμός	a	mine	na	2.29	6.66	0
419	τροφή	n	nourishment	na	2.29	0.95	0
420	ἐξέρχομαι	v	to go out	na	2.29	1.90	0
421	παιδεία	n	the rearing of a child	na	2.29	0	0
422	ἐπίσταμαι	v	to know	na	2.29	2.85	0
423	πορεία	n	a walking	na	2.29	0.95	0
424	δράω	v	to do	na	2.23	0	0
425	ἀληθής	d	unconcealed	na	2.23	0	0
426	ἀναβαίνω	v	to go up	na	2.23	4.76	0
427	ἀπαγγέλλω	v	to bring tidings	na	2.23	6.66	0
428	καταβαίνω	v	to step down	na	2.18	1.90	10.82
429	Ἀδείμαντος	n	Adimantus	na	2.18	0	10.82
430	λείπω	v	to leave	na	2.18	1.90	5.41
431	πρᾶξις	n	a doing	na	2.18	2.85	0
432	ἥκιστος	a	least	na	2.18	0.95	0
433	ἰσχυρός	a	strong	na	2.18	0.95	0
434	ἀπέχω	v	to keep off	na	2.18	0.95	0
435	διάνοια	n	a thought	na	2.18	0	0
436	ἀδελφός	n	sons of the same mother	na	2.12	8.57	10.82
437	ἱερός	a	super-human	na	2.12	0.95	5.41
438	οὐκέτι	d	no more	na	2.12	2.85	0
439	κωλύω	v	to let	na	2.12	4.76	0
440	θαυμάζω	v	to wonder	na	2.12	4.76	0
441	ἀλλότριος	a	of/belonging to another	na	2.12	0	0
442	ἀφαιρέω	v	to take from	na	2.12	1.90	0
443	πρότερος	d	before	na	2.12	2.85	0
444	φιλία	n	friendly love	na	2.12	3.80	0
445	τέλος	n	the fulfilment	na	2.12	2.85	0
446	τύραννος	n	an absolute sovereign	na	2.12	0	0
447	λόχος	n	an ambush	na	2.12	0.95	0
448	χρήσιμος	a	useful	na	2.06	0.95	5.41
449	ἄρτι	d	just now	na	2.06	0	0
450	ὠφελέω	v	to help	na	2.06	2.85	0
451	μεταξύ	r	betwixt	na	2.06	0.95	0
452	δεύτερος	a	second	na	2.06	0.95	0
453	φόβος	n	fear	na	2.06	2.85	0
454	σῖτος	n	corn	na	2.06	3.80	0
455	σπονδή	n	drink-offering; (pl.) truce	na	2.06	0.95	0
456	ἄκρον	n	the highest or furthest point: mountain top	na	2.06	3.80	0
457	πιστός	a	liquid (medicines)	na	2.06	9.52	0
458	ὁρμάω	v	to set in motion	na	2.00	3.80	10.82
459	διαλέγω	v	to pick out one from another	na	2.00	0.95	5.41
460	ἁμαρτάνω	v	to miss	na	2.00	0.95	0
461	ὄψις	n	look	na	2.00	0	0
462	πρό	r	before	na	2.00	7.61	0
463	βοηθέω	v	to come to aid	na	2.00	0.95	0
464	πολεμικός	a	of or for war; skilled in war; hostile	na	2.00	0	0
465	φυλακή	n	a watching	na	2.00	3.80	0
466	παιδεύω	v	to bring up	na	2.00	1.90	0
467	ἥλιος	n	the sun	na	2.00	0.95	0
468	κεῖμαι	v	to lie; to have been set/put (as perf. pass. of τίθημι)	na	1.94	0.95	5.41
469	παύω	v	to make to cease	na	1.94	4.76	5.41
470	ἀπαλλάσσω	v	to set free	na	1.94	0.95	5.41
471	ψεύδω	v	to cheat by lies	na	1.94	3.80	5.41
472	ἰατρικός	a	of or for a doctor	na	1.94	0	0
473	ὡσαύτως	d	in like manner	na	1.94	0	0
474	μιμνῄσκω	v	nodef	na	1.94	1.90	0
475	ἦθος	n	custom	na	1.94	0	0
476	συλλέγω	v	to collect	na	1.94	3.80	0
477	ὑστεραῖος	a	on the day after	na	1.94	1.90	0
478	κύκλος	n	a ring	na	1.88	0.95	5.41
479	κἄν	c	and if	na	1.88	1.90	5.41
480	θεῖος	a	of/from the gods	na	1.88	0.95	0
481	κάμνω	v	to work	na	1.88	0	0
482	κοινός	a	common	na	1.88	0	0
483	φανερός	a	open to sight	na	1.88	4.76	0
484	αὖθις	d	back	na	1.88	0.95	0
485	ἕως	r	(w. aor or as prep.) until; (w. pres) as long as	na	1.88	1.90	0
486	λύω	v	to loose	na	1.88	0	0
487	συμβουλεύω	v	to advise	na	1.88	2.85	0
488	μετέχω	v	to partake of	na	1.88	0	0
489	λύπη	n	pain of body	na	1.88	0	0
490	φάος	n	light	na	1.88	0	0
491	κέρας	n	the horn of an animal	na	1.88	8.57	0
492	Κλέανδρος	n	Cleander	na	1.88	0	0
493	ἅτε	d	just as (both pre-and postposed); w. part.: because	na	1.82	0	5.41
494	ἀργύριον	n	a piece of silver	na	1.82	0.95	0
495	κύων	n	a dog	na	1.82	0	0
496	ὁπόσος	p	as many as	na	1.82	3.80	0
497	βλέπω	v	to see	na	1.82	0.95	0
498	ὅθεν	d	from where	na	1.82	1.90	0
499	ἐλεύθερος	a	free	na	1.82	0	0
500	ἐπιτίθημι	v	to lay	na	1.82	1.90	0
501	ἰδιώτης	n	a private person	na	1.82	0.95	0
502	ὑποζύγιον	n	a beast for the yoke	na	1.82	2.85	0
503	οἶνος	n	wine	na	1.82	5.71	0
504	ἐπέρχομαι	v	come near; come upon; attack	na	1.82	7.61	0
505	ἀριθμός	n	number	na	1.82	1.90	0
506	Ἀριαῖος	n	Ariaeus	na	1.82	2.85	0
507	ἔρομαι	v	to ask	na	1.76	3.80	10.82
508	ἀφίημι	v	to send forth	na	1.76	0.95	5.41
509	χαίρω	v	to rejoice	na	1.76	0	5.41
510	συνέρχομαι	v	come together	na	1.76	0.95	10.82
511	ἔμπροσθεν	r	before	na	1.76	0.95	5.41
512	δίκαιος	d	just	na	1.76	0.95	10.82
513	βλάπτω	v	to disable	na	1.76	0	0
514	σημαίνω	v	to shew by a sign	na	1.76	0	0
515	διαπράσσω	v	to pass over; bring about	na	1.76	0	0
516	προστάσσω	v	to order	na	1.76	1.90	0
517	πως	d	somehow	na	1.76	0.95	0
518	βία	n	bodily strength	na	1.76	0.95	0
519	ἀπεργάζομαι	v	to finish off	na	1.76	0	0
520	κατέχω	v	to hold fast	na	1.76	0	0
521	γυμναστικός	a	fond of athletic exercises	na	1.76	0	0
522	γέλοιος	a	causing laughter	na	1.76	0	0
523	ἀσφαλής	a	not liable to fall	na	1.76	2.85	0
524	τριάκοντα	a	thirty	na	1.76	8.57	0
525	̔	u	nodef	na	1.76	4.76	0
526	̓	u	nodef	na	1.76	4.76	0
527	ὄπισθεν	d	behind	na	1.70	3.80	10.82
528	σχεδόν	d	close	na	1.70	1.90	5.41
529	ἰατρός	n	one who heals	na	1.70	0.95	0
530	μουσική	n	any art over which the Muses presided	na	1.70	0	0
531	ἑκών	a	willing	na	1.70	1.90	0
532	διαφθείρω	v	to destroy	na	1.70	0	0
533	πρόσω	d	forwards	na	1.70	1.90	0
534	πη	d	[Dor. in some way	na	1.70	0	0
535	ἀνδρεῖος	a	of or for a man; courageous	na	1.70	0	0
536	μακρός	a	long	na	1.70	0.95	0
537	σωφροσύνη	n	soundness of mind	na	1.70	0.95	0
538	θυμοειδής	a	high-spirited	na	1.70	0	0
539	Ἀχαιός	a	Achaian	na	1.70	1.90	0
540	ἁρμονία	n	a fastening	na	1.70	0	0
541	σύμμαχος	a	fighting along with	na	1.70	1.90	0
542	καίω	v	to light	na	1.70	1.90	0
543	ἐξελαύνω	v	to drive out from	na	1.70	22.85	0
544	λόφος	n	neck	na	1.70	5.71	0
545	δοξάζω	v	to think	na	1.65	0	5.41
546	πολλάκις	d	many times	na	1.65	3.80	10.82
547	ἐπιμελέομαι	v	to take care of	na	1.65	1.90	5.41
548	πλέω	v	to sail	na	1.65	1.90	0
549	μουσικός	a	 musical	na	1.65	0	0
550	ἑταῖρος	n	a comrade	na	1.65	0	0
551	ὑπάρχω	v	to begin; to exist	na	1.65	0.95	0
552	ἐπισκοπέω	v	to look upon	na	1.65	0	0
553	κακία	n	badness	na	1.65	0	0
554	υἱός	n	a son	na	1.65	0	0
555	πόνος	n	work	na	1.65	0	0
556	εἰκών	n	a likeness	na	1.65	0	0
557	τρέπω	v	to turn	na	1.65	0.95	0
558	θέω	v	to run	na	1.65	2.85	0
559	Ἑλληνικός	a	Hellenic	na	1.65	10.47	0
560	φάλαγξ	n	a line of battle	na	1.65	4.76	0
561	Ἀθηναῖος	a	Athenian	na	1.59	0.95	5.41
562	εἰσέρχομαι	v	to go in	na	1.59	1.90	10.82
563	ἐνθάδε	d	here	na	1.59	0	5.41
564	καθοράω	v	(to look down); to observe	na	1.59	1.90	5.41
565	μήτηρ	n	a mother	na	1.59	2.85	0
566	χαλεπαίνω	v	to be severe	na	1.59	2.85	0
567	σοφία	n	skill	na	1.59	0.95	0
568	πρόβατον	n	sheep; small cattle	na	1.59	0	0
569	σωτηρία	n	a saving	na	1.59	0	0
570	τεῖχος	n	a wall	na	1.59	4.76	0
571	δηλόω	v	to make visible	na	1.59	0.95	0
572	παρακαλέω	v	to call to	na	1.59	1.90	0
573	ὥρα	n	[sacrificial victim]	na	1.59	2.85	0
574	εὖρος	n	breadth	na	1.59	12.38	0
575	Μένων	n	Meno	na	1.59	14.28	0
576	ἐντυγχάνω	v	to light upon	na	1.53	2.85	5.41
577	κινέω	v	to set in motion	na	1.53	0	5.41
578	ἐπιεικής	a	fitting	na	1.53	0	16.24
579	σκέπτομαι	v	to look about	na	1.53	0	0
580	συγχωρέω	v	to come together	na	1.53	0	0
581	ὕδωρ	n	water	na	1.53	1.90	0
582	ἐπιβουλεύω	v	to plot against	na	1.53	4.76	0
583	ἐλαύνω	v	to drive	na	1.53	9.52	0
584	κεφαλή	n	the head	na	1.53	2.85	0
585	στρατεύω	v	to serve in war	na	1.53	4.76	0
586	πεζός	a	on foot	na	1.53	2.85	0
587	Πέρσης	n	a Persian; Perses (pr.n.)	na	1.53	9.52	0
588	παίω	v	to strike	na	1.53	2.85	0
589	Ἀναξίβιος	n	Anaxibius	na	1.53	0	0
590	ῥᾴδιος	d	easy	na	1.47	0	16.24
591	προέρχομαι	v	to go forward	na	1.47	5.71	5.41
592	αἰτιάομαι	v	to charge	na	1.47	0.95	5.41
593	ἐμποιέω	v	to make in	na	1.47	0	0
594	φιλέω	v	to love	na	1.47	2.85	0
595	δείκνυμι	v	to show	na	1.47	0	0
596	ἐκβαίνω	v	to step out of	na	1.47	0	0
597	βοῦς	n	cow	na	1.47	0	0
598	δημόσιος	a	belonging to the people	na	1.47	0	0
599	αἰτέω	v	to ask	na	1.47	4.76	0
600	ἐπιτρέπω	v	to turn over to	na	1.47	1.90	0
601	κομιδῇ	d	exactly	na	1.47	0	0
602	ἐπιτηδεύω	v	to pursue	na	1.47	0	0
603	τόπος	n	a place	na	1.47	0.95	0
604	πούς	n	a foot	na	1.47	3.80	0
605	ἀποβλέπω	v	look steadily at	na	1.47	0.95	0
606	οὐρανός	n	heaven	na	1.47	0	0
607	Θρᾷξ	a	a Thracian;	na	1.41	2.85	5.41
608	οἴκαδε	d	to one's home	na	1.41	1.90	10.82
609	Πολέμαρχος	n	Polemarchus	na	1.41	0	54.14
610	ἀσπάζομαι	v	to welcome kindly	na	1.41	0	10.82
611	πυνθάνομαι	v	to learn by hearsay	na	1.41	1.90	10.82
612	ἀναμιμνῄσκω	v	nodef	na	1.41	0	5.41
613	συγγίγνομαι	v	to be with	na	1.41	2.85	10.82
614	ὀφείλω	v	to owe	na	1.41	0.95	10.82
615	ἄχρηστος	a	useless	na	1.41	0	0
616	λίθος	n	a stone	na	1.41	0.95	0
617	πάλαι	d	long ago	na	1.41	0.95	0
618	προλέγω	v	pick before; foretell; proclaim	na	1.41	0.95	0
619	τυραννικός	a	of or for a tyrant	na	1.41	0	0
620	πονηρία	n	a bad state	na	1.41	0	0
621	τολμάω	v	to undertake	na	1.41	0	0
622	ἕλκω	v	to draw	na	1.41	0	0
623	δοῦλος	n	slave	na	1.41	1.90	0
624	στασιάζω	v	to rebel	na	1.41	0	0
625	μυρίος	a	numberless	na	1.41	3.80	0
626	ἁλίσκομαι	v	to be caught	na	1.41	1.90	0
627	ἔκγονος	a	born of	na	1.41	0	0
628	πιστεύω	v	to trust	na	1.41	4.76	0
629	γεννάω	v	to beget	na	1.41	0	0
630	βάλλω	v	to throw	na	1.41	0.95	0
631	πρέπω	v	to be clearly seen	na	1.35	0.95	5.41
632	κάθημαι	v	to be seated	na	1.35	1.90	5.41
633	τοι	d	let me tell you	na	1.35	0	10.82
634	μῦθος	n	anything	na	1.35	0	5.41
635	μεστός	a	full	na	1.35	1.90	5.41
636	κοινῇ	d	nodef	na	1.35	0	0
637	χρηστός	a	useful	na	1.35	0.95	0
638	μακάριος	a	blessed	na	1.35	0	0
639	λυσιτελέω	v	to bring profit	na	1.35	0	0
640	ναῦς	n	a ship	na	1.35	4.76	0
641	ἀπορέω	v	[(Ion.) > ἀφοράω]	na	1.35	2.85	0
642	γένεσις	n	an origin	na	1.35	0	0
643	ἀνδρεία	n	manliness	na	1.35	0	0
644	θάνατος	n	death	na	1.35	1.90	0
645	οἰκίζω	v	to found as a colony	na	1.35	0	0
646	ζῷον	n	a living being	na	1.35	0	0
647	ἀπολείπω	v	to leave over	na	1.35	0.95	0
648	πάθος	n	anything that befalls one	na	1.35	0.95	0
649	ἀποδείκνυμι	v	display	na	1.35	1.90	0
650	τριήρης	n	trireme	na	1.35	3.80	0
651	κάτω	d	down	na	1.35	0	0
652	ἀφίστημι	v	to put away	na	1.35	3.80	0
653	Πρόξενος	n	Proxenus	na	1.35	5.71	0
654	δέκα	a	ten	na	1.35	7.61	0
655	ὑπολαμβάνω	v	take up; understand	na	1.29	0.95	5.41
656	θηρίον	n	a wild animal	na	1.29	3.80	0
657	φθέγγομαι	v	to utter a sound	na	1.29	0.95	0
658	ἐάντε	b	nodef	na	1.29	0	0
659	ἴσος	a	equal to	na	1.29	0.95	0
660	προθυμέομαι	v	to be ready	na	1.29	0.95	0
661	πώποτε	d	ever yet	na	1.29	3.80	0
662	ἐμπίπτω	v	to fall in	na	1.29	0	0
663	ψέγω	v	to blame	na	1.29	0	0
664	μεταβάλλω	v	to throw into a different position	na	1.29	0	0
665	ἐπιδείκνυμι	v	to exhibit as a specimen	na	1.29	7.61	0
666	μίμησις	n	imitation	na	1.29	0	0
667	ῥυθμός	n	measured motion	na	1.29	0	0
668	δῆμος	n	people; (originally) a country-district	na	1.29	0	0
669	ἔνθεν	d	whence; thence	na	1.29	0.95	0
670	πύλη	n	one wing of a pair of double gates	na	1.29	2.85	0
671	Τιμασίων	n	Timasio	na	1.29	0	0
672	χιών	n	snow	na	1.29	0	0
673	ἄγριος	a	(living in the fields) wild	na	1.23	1.90	5.41
674	συμβαίνω	v	meet	na	1.23	0	5.41
675	κτῆσις	n	acquisition	na	1.23	0	10.82
676	καίτοι	d	and indeed	na	1.23	0.95	0
677	νόσος	n	sickness	na	1.23	0	0
678	ἀσπίς	n	a round shield; asp	na	1.23	4.76	0
679	ὠφέλιμος	a	useful	na	1.23	0.95	0
680	διδάσκω	v	to teach	na	1.23	0.95	0
681	δημοκρατία	n	democracy	na	1.23	0	0
682	πρόσειμι	v	be there (in addition)	na	1.23	0.95	0
683	δήπου	d	perhaps	na	1.23	0	0
684	λογιστικός	a	skilled	na	1.23	0	0
685	παρίημι	v	to pass over	na	1.23	0	0
686	ὀφθαλμός	n	the eye	na	1.23	1.90	0
687	μείς	n	a month	na	1.23	5.71	0
688	ἰδέα	n	form	na	1.23	0	0
689	σκεῦος	n	a vessel	na	1.23	0	0
690	αἴσθησις	n	perception by the senses	na	1.23	0	0
691	τύπος	n	a blow	na	1.23	0	0
692	εὔχομαι	v	to pray	na	1.23	2.85	0
693	δεξιός	a	on the right hand	na	1.23	5.71	0
694	ὀπισθοφύλαξ	n	one who guards the rear	na	1.23	0	0
695	Ἡρακλείδης	n	son of Heracles	na	1.23	0	0
696	ἐλευθερία	n	freedom	na	1.17	1.90	5.41
697	ἀποδέχομαι	v	to accept from	na	1.17	0	10.82
698	ἀγαπάω	v	to treat with affection	na	1.17	0.95	16.24
699	γνώμη	n	a means of knowing	na	1.17	5.71	5.41
700	ἐνίοτε	d	sometimes	na	1.17	0.95	10.82
701	ἱερόν	n	sanctuary	na	1.17	0	5.41
702	μισέω	v	to hate	na	1.17	0	0
703	κολάζω	v	to curtail	na	1.17	0	0
704	βιάζω	v	to constrain	na	1.17	1.90	0
705	ἄθλιος	a	winning the prize	na	1.17	0	0
706	ὅσιος	a	hallowed	na	1.17	0	0
707	ὁρίζω	v	to divide	na	1.17	0	0
708	ἀληθινός	a	agreeable to truth	na	1.17	0.95	0
709	γενναῖος	a	noble	na	1.17	0	0
710	φρόνιμος	a	in one's right mind	na	1.17	0.95	0
711	ἐμαυτοῦ	p	of me	na	1.17	0.95	0
712	εἰκότως	d	in all likelihood	na	1.17	0	0
713	θαυμαστός	a	wondrous	na	1.17	0.95	0
714	μάντις	n	one who divines	na	1.17	0.95	0
715	ἀμελέω	v	to have no care for	na	1.17	0.95	0
716	καιρός	n	time; the right moment	na	1.17	1.90	0
717	συχνός	a	long	na	1.17	1.90	0
718	κλίνη	n	that on which one lies	na	1.17	0	0
719	παντοδαπός	a	of every kind	na	1.17	0	0
720	γράφω	v	to scratch	na	1.17	0.95	0
721	συγγενής	a	born with	na	1.17	0	0
722	ἐρῆμος	a	desolate	na	1.17	4.76	0
723	ἐφίστημι	v	to set on	na	1.17	3.80	0
724	Πόντος	n	Pontus	na	1.17	0	0
725	ὕστερον	d	the afterbirth	na	1.11	3.80	5.41
726	αὐξάνω	v	to make large	na	1.11	0	5.41
727	παραγίγνομαι	v	to come near	na	1.11	3.80	5.41
728	ἀποδιδράσκω	v	to run away	na	1.11	0	5.41
729	αἰτία	n	a charge	na	1.11	0	5.41
730	μέτριος	d	within measure	na	1.11	0	5.41
731	ὀνομάζω	v	to name	na	1.11	0	0
732	κοινωνία	n	communion	na	1.11	0	0
733	χάρις	n	gratitude	na	1.11	0.95	0
734	οὔπω	d	not yet	na	1.11	2.85	0
735	θεραπεύω	v	to be an attendant	na	1.11	0.95	0
736	λέγω	a	to pick; to say	na	1.11	0	0
737	πῇ	d	whither? in what way? how?	na	1.11	0	0
738	γεωργός	n	tilling the ground	na	1.11	0	0
739	ἄτοπος	a	out of place	na	1.11	0	0
740	κομίζω	v	to take care of	na	1.11	0	0
741	ψεῦδος	n	a falsehood	na	1.11	0	0
742	εἴδωλον	n	an image	na	1.11	0	0
743	αἰσχύνω	v	to make ugly	na	1.11	1.90	0
744	δῶρον	n	a gift	na	1.11	3.80	0
745	θυγάτηρ	n	a daughter	na	1.11	0	0
746	τιτρώσκω	v	to wound	na	1.11	0.95	0
747	στρατοπεδεύω	v	to encamp	na	1.11	0.95	0
748	ὅποι	d	to which place	na	1.11	0	0
749	τείνω	v	to stretch	na	1.11	0	0
750	ἐκπίπτω	v	to fall out of	na	1.11	0.95	0
751	διαβάλλω	v	to throw over	na	1.11	0.95	0
752	ὀλιγαρχικός	a	oligarchical	na	1.11	0	0
753	γέφυρα	n	a dyke	na	1.11	1.90	0
754	Ὀρόντας	n	nodef	na	1.11	12.38	0
755	μείων	a	less	na	1.11	1.90	0
756	Ἀγασίας	n	Agasias	na	1.11	0	0
757	διανοέω	v	nodef	na	1.06	0	5.41
758	ἔνδον	d	in	na	1.06	0	5.41
759	δεῦρο	d	hither	na	1.06	0.95	16.24
760	γῆρας	n	old age	na	1.06	0	64.97
761	πλοῦτος	n	wealth	na	1.06	0	10.82
762	κίνδυνος	n	a danger	na	1.06	0.95	0
763	κλέπτω	v	to steal	na	1.06	0	0
764	ἡσυχία	n	stillness	na	1.06	0	0
765	χαρίζω	v	to do a favor	na	1.06	0.95	0
766	τυραννίς	n	kingly power	na	1.06	0	0
767	λογισμός	n	a counting	na	1.06	0	0
768	προσαγορεύω	v	to address	na	1.06	0	0
769	τέλειος	a	having reached its end	na	1.06	0	0
770	προσδέω	v	to bind on	na	1.06	0	0
771	νεκρός	a	a dead body	na	1.06	0	0
772	εἴσω	d	to within	na	1.06	3.80	0
773	_	z	nodef	na	1.06	0	0
774	ἀνέχω	v	to hold up; (mid.) endure	na	1.06	2.85	0
775	ἀτιμάζω	v	to hold in no honour	na	1.06	1.90	0
776	ὑμέτερος	a	your	na	1.06	0	0
777	καταμανθάνω	v	to observe well	na	1.06	0.95	0
778	καθαρός	a	clear of dirt	na	1.06	0	0
779	πλησίον	r	nodef	na	1.06	0.95	0
780	φιλόσοφος	a	a lover of wisdom	na	1.06	0	0
781	παντελής	d	all-complete	na	1.06	0	0
782	νόσημα	n	a sickness	na	1.06	0	0
783	ὄχλος	n	a moving crowd	na	1.06	0	0
784	συνίστημι	v	to set together	na	1.06	0	0
785	πίνω	v	to drink	na	1.06	0	0
786	χίλιοι	a	a thousand	na	1.06	7.61	0
787	φρόνησις	n	thought	na	1.06	0	0
788	ὀλιγαρχία	n	an oligarchy	na	1.06	0	0
789	ἑκατόν	a	a hundred	na	1.06	2.85	0
790	ἀνδράποδον	n	one taken in war and sold as a slave	na	1.06	0.95	0
791	εὐώνυμος	a	of good name	na	1.06	11.42	0
792	Σινωπεύς	n	an inhabitant of Sinope	na	1.06	0	0
793	θεωρέω	v	to look at	na	1.00	1.90	5.41
794	σός	a	your	na	1.00	0	10.82
795	ἡδύς	d	sweet	na	1.00	1.90	5.41
796	ἔνιοι	a	some	na	1.00	1.90	5.41
797	παραλαμβάνω	v	to receive from	na	1.00	0	16.24
798	χρεία	n	use	na	1.00	0	10.82
799	θυσία	n	burnt offering	na	1.00	0	5.41
800	ἀπαιτέω	v	to demand back	na	1.00	0.95	5.41
801	ἀπιστέω	v	to disbelieve	na	1.00	0	0
802	ἀγνοέω	v	not to perceive	na	1.00	0	0
803	ὠφέλεια	n	help	na	1.00	0	0
804	κυβερνήτης	n	a steersman	na	1.00	0	0
805	νοέω	v	to perceive by the eyes	na	1.00	0	0
806	εἴωθα	v	to be accustomed	na	1.00	0	0
807	εἶτα	d	then	na	1.00	5.71	0
808	ποιέω	a	to make	na	1.00	0	0
809	ἀκριβής	a	exact	na	1.00	0	0
810	ἐπιτάσσω	v	to put upon one as a duty	na	1.00	0	0
811	πλεονεκτέω	v	to have or claim more than one’s share; to have an advantage	na	1.00	0	0
812	ἐμβάλλω	v	to throw in	na	1.00	3.80	0
813	θαρσέω	v	to be of good courage	na	1.00	0.95	0
814	ὄμμα	n	the eye	na	1.00	0	0
815	πω	d	up to this time	na	1.00	0.95	0
816	ἁρπάζω	v	to snatch away	na	1.00	3.80	0
817	σχολή	n	spare time	na	1.00	0.95	0
818	γεύω	v	to give a taste of	na	1.00	0.95	0
819	ἔσχατος	a	outermost	na	1.00	2.85	0
820	διάκειμαι	v	to be in a certain state	na	1.00	0	0
821	σχῆμα	n	form	na	1.00	0.95	0
822	χρυσός	n	gold	na	1.00	0	0
823	μεταβολή	n	a change	na	1.00	0	0
824	σύμπας	a	all together	na	1.00	1.90	0
825	θνῄσκω	v	to die; see also ἀποθνῄσκω	na	1.00	1.90	0
826	φωνή	n	a sound	na	1.00	0	0
827	ἀπορία	n	difficulty of passing	na	1.00	0.95	0
828	πονέω	v	to work hard	na	1.00	1.90	0
829	πλέθρον	n	a plethron	na	1.00	5.71	0
830	τοξεύω	v	to shoot with the bow	na	1.00	0.95	0
831	περιμένω	v	to wait for	na	0.94	0	21.65
832	σύνειμι	v	be with (incl. be wife of	na	0.94	0	5.41
833	νή	r	(yes) by..	na	0.94	0.95	5.41
834	στρέφω	v	to turn about	na	0.94	0.95	5.41
835	ἐλπίς	n	hope	na	0.94	1.90	16.24
836	χρυσίον	n	a piece of gold	na	0.94	1.90	0
837	ἀπολαμβάνω	v	to take away	na	0.94	1.90	0
838	σιτίον	n	grain	na	0.94	0.95	0
839	ἱππικός	a	of a horse	na	0.94	0.95	0
840	ἔπος	n	a word	na	0.94	0	0
841	οὖς	n	auris	na	0.94	0	0
842	πολιτικός	a	of	na	0.94	0	0
843	ὑγιής	a	sound	na	0.94	0	0
844	φιλότιμος	a	loving honour	na	0.94	0	0
845	τέλειος	d	having reached its end	na	0.94	0	0
846	στάσις	n	a standing	na	0.94	0	0
847	ἀγών	n	a gathering; a contest	na	0.94	2.85	0
848	ἀνθρώπινος	a	belonging to mankind; human	na	0.94	0	0
849	ποίησις	n	a making	na	0.94	0	0
850	ὀξύς	a	wood sorrel	na	0.94	0	0
851	ἀρκέω	v	to ward off; to be sufficient	na	0.94	0	0
852	ἀναλίσκω	v	to use up	na	0.94	0	0
853	μιμητής	n	an imitator	na	0.94	0	0
854	φυλακός	n	guard	na	0.94	0	0
855	ᾗ	d	which way	na	0.94	0.95	0
856	ἄλλοτε	d	at another time	na	0.94	0	0
857	μέτρον	n	that by which anything is measured	na	0.94	0	0
858	ἔξωθεν	d	from without	na	0.94	0	0
859	κάλλος	n	beauty	na	0.94	0	0
860	ὄναρ	n	a dream	na	0.94	0	0
861	τύχη	n	(good) fortune	na	0.94	0	0
862	ἐφέπω	v	to go after	na	0.94	0	0
863	παράδειγμα	n	a pattern	na	0.94	0	0
864	θόρυβος	n	a noise	na	0.94	1.90	0
865	δεξιά	n	the right hand	na	0.94	2.85	0
866	ἥμισυς	a	half	na	0.94	1.90	0
867	ἔτος	n	a year	na	0.94	0	0
868	δρόμος	n	a course	na	0.94	3.80	0
869	σκότος	n	darkness	na	0.94	0	0
870	βαρβαρικός	a	barbaric	na	0.94	7.61	0
871	νόησις	n	intelligence	na	0.94	0	0
872	ἑπτά	a	seven	na	0.94	3.80	0
873	τοξότης	n	a bowman	na	0.94	1.90	0
874	ἀποπλέω	v	to sail away	na	0.94	1.90	0
875	συγκαλέω	v	to call to council	na	0.94	2.85	0
876	Τίγρης	n	nodef	na	0.94	0.95	0
877	δεσπότης	n	a master	na	0.88	0	10.82
878	εἰρήνη	n	peace	na	0.88	0	5.41
879	μαίνομαι	v	to rage	na	0.88	0	10.82
880	σπουδάζω	v	to make haste	na	0.88	0	5.41
881	διάγω	v	to carry over	na	0.88	0.95	5.41
882	ὑγίεια	n	health	na	0.88	0	0
883	ἑτοῖμος	a	at hand	na	0.88	0.95	0
884	κοινωνέω	v	to have or do in common with	na	0.88	0	0
885	ἵημι	v	to set a going	na	0.88	3.80	0
886	ἐκπλήσσω	v	(to knock out); to astound	na	0.88	1.90	0
887	ἡνίκα	c	at which time	na	0.88	2.85	0
888	τυραννεύω	v	to be a monarch	na	0.88	0	0
889	σκέπτομαι	a	to look about	na	0.88	0.95	0
890	ὑπηρετέω	v	to do service on board ship	na	0.88	0.95	0
891	ὅμοιος	d	like	na	0.88	0.95	0
892	σεαυτοῦ	p	of thyself	na	0.88	0.95	0
893	ὁποῖος	p	of what sort	na	0.88	0	0
894	ἁπλόος	a	single	na	0.88	0	0
895	στόμα	n	the mouth	na	0.88	0	0
896	ἀσθενής	a	without strength	na	0.88	0.95	0
897	ποικίλος	a	many-coloured	na	0.88	0.95	0
898	ἀνίημι	v	to send up; let go	na	0.88	0	0
899	μεταλαμβάνω	v	to have or get a share of	na	0.88	0	0
900	τέταρτος	a	fourth	na	0.88	0	0
901	ὄργανον	n	an organ	na	0.88	0	0
902	ἄπειρος	a	without trial	na	0.88	0	0
903	πλάσσω	v	to form	na	0.88	0	0
904	πάθημα	n	anything that befals one	na	0.88	0	0
905	ξένος	a	a guest	na	0.88	4.76	0
906	γονεύς	n	a begetter	na	0.88	0	0
907	πέτρα	n	a rock	na	0.88	0.95	0
908	ἀνά	r	up	na	0.88	1.90	0
909	διήγησις	n	narrative	na	0.88	0	0
910	ὁμοιόω	v	to make like	na	0.88	0	0
911	ἔρως	n	love	na	0.88	0	0
912	ἀποπέμπω	v	to send off	na	0.88	5.71	0
913	ὑποπτεύω	v	to be suspicious	na	0.88	1.90	0
914	ἐντός	r	within	na	0.88	0.95	0
915	ἐκβάλλω	v	to throw	na	0.88	1.90	0
916	οἰκουμένη	n	the inhabited world	na	0.88	9.52	0
917	ἄλλῃ	d	in another place	na	0.88	0	0
918	ἐξαίφνης	d	suddenly	na	0.88	0	0
919	προδίδωμι	v	to give beforehand	na	0.88	1.90	0
920	ἄσμενος	a	well-pleased	na	0.88	0	0
921	τελευταῖος	a	last	na	0.88	0	0
922	ἔμπειρος	a	experienced	na	0.88	0	0
923	ἀναπαύω	v	to make to cease	na	0.88	0.95	0
924	Θρᾷξ	n	a Thracian;	na	0.88	1.90	0
925	ὄρθιος	a	straight up	na	0.88	0.95	0
926	ἀπάγω	v	to lead away	na	0.88	2.85	0
927	κατακαίνω	v	kill	na	0.88	2.85	0
928	Κλεάνωρ	n	Cleanor	na	0.88	0	0
929	ξένιος	a	belonging to a friend and guest	na	0.88	0	0
930	Δέξιππος	n	Dexippus	na	0.88	0	0
931	Νέων	n	nodef	na	0.88	0	0
932	Σεῦθος	n	nodef	na	0.88	0	0
933	Ἀρίσταρχος	n	Aristarchus	na	0.88	0	0
934	κατοράω	v	nodef	na	0.82	0	5.41
935	ἱμάτιον	n	an outer garment	na	0.82	0	5.41
936	ἡλικία	n	time of life	na	0.82	0.95	16.24
937	σωφρονέω	v	to be sound of mind	na	0.82	0	5.41
938	θαυμάσιος	a	wondrous	na	0.82	0	0
939	ἀθρόος	a	in crowds	na	0.82	0.95	0
940	ὑπομένω	v	to stay behind	na	0.82	0	0
941	ἔθνος	n	a number of people accustomed to live together	na	0.82	1.90	0
942	ἄγγελος	n	a messenger	na	0.82	1.90	0
943	δένδρον	n	a tree	na	0.82	2.85	0
944	κατασκευάζω	v	to equip	na	0.82	0.95	0
945	εὐδαιμονία	n	prosperity	na	0.82	0	0
946	συνάγω	v	to bring together	na	0.82	2.85	0
947	ἴσχω	v	to hold	na	0.82	0	0
948	σκυτοτόμος	n	a leather-cutter	na	0.82	0	0
949	διατρίβω	v	to rub between	na	0.82	0.95	0
950	ὠνέομαι	v	to buy	na	0.82	0	0
951	ἐκλέγω	v	to pick out; single out	na	0.82	0	0
952	θυμός	n	the soul	na	0.82	0	0
953	προσέχω	v	to hold to	na	0.82	0.95	0
954	ἄπορος	a	without passage	na	0.82	0	0
955	πάντῃ	d	every way	na	0.82	0.95	0
956	Ἀπόλλων	n	Apollo	na	0.82	0.95	0
957	διαφερόντως	d	differently from	na	0.82	0.95	0
958	σώφρων	a	of sound mind	na	0.82	0	0
959	λέξις	n	a speaking	na	0.82	0	0
960	ἀποχωρέω	v	to go from	na	0.82	1.90	0
961	μιμητικός	a	good at imitating	na	0.82	0	0
962	ὁμιλέω	v	to be in company with	na	0.82	0	0
963	ἕξις	n	a having	na	0.82	0	0
964	ἐμπίμπλημι	v	fill quite full	na	0.82	1.90	0
965	ἥμερος	a	tame	na	0.82	0	0
966	δόγμα	n	that which seems to one	na	0.82	0	0
967	λαγχάνω	v	to obtain by lot	na	0.82	0	0
968	λυπέω	v	to give pain to	na	0.82	0.95	0
969	Ἑλληνίς	a	Greek (fem. of Ἕλλην)	na	0.82	0	0
970	ζωγράφος	n	one who paints from life	na	0.82	0	0
971	μνημονεύω	v	to call to mind	na	0.82	0	0
972	ἄχθομαι	v	to be loaded; to be annoyed	na	0.82	0	0
973	νοητός	a	perceptible to the mind	na	0.82	0	0
974	γεωμετρία	n	geometry	na	0.82	0	0
975	ἀναιρέω	v	to take up; to destroy	na	0.82	0	0
976	κηφήν	n	a drone	na	0.82	0	0
977	σκηνή	n	a covered place	na	0.82	8.57	0
978	συσκευάζω	v	to make ready by putting together	na	0.82	0.95	0
979	ἄμαξα	n	a wagon	na	0.82	6.66	0
980	ἐκπλέω	v	to sail out	na	0.82	0	0
981	Ἀσία	n	Asia	na	0.82	0	0
982	Μηδοσάδης	n	Medosades	na	0.82	0	0
983	κόσμιος	a	well-ordered	na	0.76	0	10.82
984	εὐδοκιμέω	v	to be of good repute	na	0.76	0	5.41
985	πενία	n	poverty	na	0.76	0	5.41
986	πλουτέω	v	to be rich	na	0.76	0.95	5.41
987	ἐκεῖσε	d	thither	na	0.76	0	5.41
988	κρέας	n	flesh	na	0.76	2.85	0
989	ἀποφαίνω	v	to shew fort	na	0.76	0.95	0
990	οὐδέποτε	d	never	na	0.76	0	0
991	διατίθημι	v	to place separately	na	0.76	0.95	0
992	οὐδαμῇ	d	nowhere	na	0.76	0	0
993	δικαστής	n	a judge	na	0.76	0	0
994	διομολογέω	v	to make an agreement	na	0.76	0	0
995	πρᾶος	a	mild	na	0.76	0.95	0
996	τιμωρέω	v	to help	na	0.76	1.90	0
997	θύρα	n	a door	na	0.76	1.90	0
998	πορίζω	v	to carry: to bring about	na	0.76	0	0
999	ἥδομαι	v	to enjoy oneself	na	0.76	3.80	0
1000	οἴκησις	n	the act of dwelling	na	0.76	0	0
