parts and infs	6166738	προσευξόμενός	προσεύχομαι	to offer prayers	-sfp	327
parts and infs	6166746	βουλόμενος	βούλομαι	pharr24	-spp	327
parts and infs	6166747	θεάσασθαι	θεάομαι	to look on	--an	327
parts and infs	6166754	ἄγοντες	ἄγω	pharr3	-ppp	327
parts and infs	6166766	εἶναι	εἰμί	pharr17	--pn	327
parts and infs	6166772	πρέπειν	πρέπω	to be clearly seen	--pn	327
parts and infs	6166778	προσευξάμενοι	προσεύχομαι	to offer prayers	-pap	327
parts and infs	6166781	θεωρήσαντες	θεωρέω	to look at	-pap	327
parts and infs	6166787	κατιδὼν	κατοράω	nodef	-sap	327
parts and infs	6166792	ὡρμημένους	ὁρμάω	to set in motion	-prp	327
parts and infs	6166797	δραμόντα	τρέχω	to run	-sap	327
parts and infs	6166800	περιμεῖναί	περιμένω	to wait for	--an	327
parts and infs	6166802	κελεῦσαι	κελεύω	pharr13	--an	327
parts and infs	6166809	λαβόμενος	λαμβάνω	pharr21	-sap	327
parts and infs	6166819	περιμεῖναι	περιμένω	to wait for	--an	327
parts and infs	6166887	ὡρμῆσθαι	ὁρμάω	to set in motion	--rn	327
parts and infs	6166889	ἀπιόντες	ἀπέρχομαι	to go away	-ppp	327
parts and infs	6166942	ἀφεῖναι	ἀφίημι	to send forth	--an	327
parts and infs	6166953	πεῖσαι	πείθω	pharr9	--an	327
parts and infs	6166955	ἀκούοντας	ἀκούω	to hear	-ppp	327
parts and infs	6166966	ἀκουσομένων	ἀκούω	to hear	-pfp	327
parts and infs	6167006	ἔχοντες	ἔχω	pharr10	-ppp	328
parts and infs	6167009	ἁμιλλώμενοι	ἁμιλλάομαι	to compete	-ppp	328
parts and infs	6167031	θεάσασθαι	θεάομαι	to look on	--an	328
parts and infs	6167069	εἶναι	εἰμί	pharr17	--pn	328
parts and infs	6167081	ποιεῖν	ποιέω	pharr23	--pn	328
parts and infs	6167134	εἶναι	εἰμί	pharr17	--pn	328
parts and infs	6167145	ἐστεφανωμένος	στεφανόω	to wreathe	-srp	328
parts and infs	6167153	τεθυκὼς	θύω	to sacrifice	-srp	328
parts and infs	6167175	ἰδὼν	ὁράω	to see	-sap	328
parts and infs	6167190	καταβαίνων	καταβαίνω	to step down	-spp	328
parts and infs	6167208	πορεύεσθαι	πορεύω	pharr24	--pn	328
parts and infs	6167218	ἰέναι	ἔρχομαι	pharr24	--pn	328
parts and infs	6167233	ἰέναι	ἔρχομαι	pharr24	--pn	328
parts and infs	6167297	διαλεγόμενος	διαλέγω	to pick out one from another	-spp	328
parts and infs	6167305	χρῆναι	χρή	it is fated	--pn	328
parts and infs	6167308	πυνθάνεσθαι	πυνθάνομαι	to learn by hearsay	--pn	328
parts and infs	6167313	προεληλυθότων	προέρχομαι	to go forward	-prp	328
parts and infs	6167319	πορεύεσθαι	πορεύω	pharr24	--pn	328
parts and infs	6167358	εἶναι	εἰμί	pharr17	--pn	328
parts and infs	6167400	ἔχοντες	ἔχω	pharr10	-ppp	329
parts and infs	6167402	διασῴζοντες	διασῴζω	to preserve through	-ppp	329
parts and infs	6167412	συνιόντες	συνέρχομαι	come together	-ppp	329
parts and infs	6167419	ποθοῦντες	ποθέω	to long for	-ppp	329
parts and infs	6167421	ἀναμιμνῃσκόμενοι	ἀναμιμνῄσκω	nodef	-ppp	329
parts and infs	6167445	ἀπεστερημένοι	ἀποστερέω	to rob	-prp	329
parts and infs	6167450	ζῶντες	ζάω	to live	-ppp	329
parts and infs	6167455	ζῶντες	ζάω	to live	-ppp	329
parts and infs	6167491	αἰτιᾶσθαι	αἰτιάομαι	to charge	--pn	329
parts and infs	6167538	ἐρωτωμένῳ	ἐρωτάω	to ask	-spp	329
parts and infs	6167559	συγγίγνεσθαι	συγγίγνομαι	to be with	--pn	329
parts and infs	6167577	λυττῶντά	λυσσάω	to be raging	-spp	329
parts and infs	6167582	ἀποδράς	ἀποδιδράσκω	to run away	-sap	329
parts and infs	6167591	εἰπεῖν	λέγω	to pick; to say	--an	329
parts and infs	6167616	κατατείνουσαι	κατατείνω	to stretch	-ppp	329
parts and infs	6167631	μαινομένων	μαίνομαι	to rage	-ppp	329
parts and infs	6167632	ἀπηλλάχθαι	ἀπαλλάσσω	to set free	--rn	329
parts and infs	6167696	ἀγασθεὶς	ἄγαμαι	to wonder	-sap	329
parts and infs	6167698	εἰπόντος	λέγω	to pick; to say	-sap	329
parts and infs	6167701	βουλόμενος	βούλομαι	pharr24	-spp	329
parts and infs	6167703	λέγειν	λέγω	to pick; to say	--pn	329
parts and infs	6167722	ἀποδέχεσθαι	ἀποδέχομαι	to accept from	--pn	329
parts and infs	6167724	ἡγεῖσθαί	ἡγέομαι	pharr25	--pn	329
parts and infs	6167729	φέρειν	φέρω	pharr30	--pn	329
parts and infs	6167739	κεκτῆσθαι	κτάομαι	to procure for oneself	--rn	329
parts and infs	6167747	εἶναι	εἰμί	pharr17	--pn	329
parts and infs	6167780	λοιδορουμένῳ	λοιδορέω	to abuse	-spp	330
parts and infs	6167782	λέγοντι	λέγω	to pick; to say	-spp	330
parts and infs	6167799	ὢν	εἰμί	pharr17	-spp	330
parts and infs	6167840	πλουτήσας	πλουτέω	to be rich	-sap	330
parts and infs	6167899	παραλαβὼν	παραλαμβάνω	to receive from	-sap	330
parts and infs	6167914	οὔσης	εἰμί	pharr17	-spp	330
parts and infs	6167947	ἀγαπᾶν	ἀγαπάω	to treat with affection	--pn	330
parts and infs	6167965	κτησάμενοι	κτάομαι	to procure for oneself	-pap	330
parts and infs	6167992	χρηματισάμενοι	χρηματίζω	to negotiate	-pap	330
parts and infs	6168012	συγγενέσθαι	συγγίγνομαι	to be with	--an	330
parts and infs	6168016	ἐθέλοντες	ἐθέλω	pharr3	-ppp	330
parts and infs	6168017	ἐπαινεῖν	ἐπαινέω	to approve	--pn	330
parts and infs	6168047	ἀπολελαυκέναι	ἀπολαύω	to have enjoyment of	--rn	330
parts and infs	6168051	κεκτῆσθαι	κτάομαι	to procure for oneself	--rn	330
parts and infs	6168064	λέγων	λέγω	to pick; to say	-spp	330
parts and infs	6168082	οἴεσθαι	οἴομαι	to suppose	--pn	330
parts and infs	6168083	τελευτήσειν	τελευτάω	to complete	--fn	330
parts and infs	6168099	λεγόμενοι	λέγω	to pick; to say	-ppp	330
parts and infs	6168109	ἀδικήσαντα	ἀδικέω	pharr23	-sap	330
parts and infs	6168112	διδόναι	δίδωμι	to give	--pn	330
parts and infs	6168115	καταγελώμενοι	καταγελάω	to laugh at	-ppp	330
parts and infs	6168142	ὢν	εἰμί	pharr17	-spp	330
parts and infs	6168170	εὑρίσκων	εὑρίσκω	to find	-spp	331
parts and infs	6168187	ἐγειρόμενος	ἐγείρω	to awaken	-spp	331
parts and infs	6168200	συνειδότι	σύνοιδα	to share in knowledge	-srp	331
parts and infs	6168267	εἶναι	εἰμί	pharr17	--pn	331
parts and infs	6168284	ἐξαπατῆσαι	ἐξαπατάω	to deceive	--an	331
parts and infs	6168286	ψεύσασθαι	ψεύδω	to cheat by lies	--an	331
parts and infs	6168290	ὀφείλοντα	ὀφείλω	to owe	-spp	331
parts and infs	6168300	ἀπιέναι	ἀπέρχομαι	to go away	--pn	331
parts and infs	6168301	δεδιότα	δείδω	to fear	-prp	331
parts and infs	6168334	ἔχοντι	ἔχω	pharr10	-spp	331
parts and infs	6168341	εἶναι	εἰμί	pharr17	--pn	331
parts and infs	6168366	εἶναι	εἰμί	pharr17	--pn	331
parts and infs	6168371	ἀποδιδόναι	ἀποδίδωμι	to give back	--pn	331
parts and infs	6168391	ποιεῖν	ποιέω	pharr23	--pn	331
parts and infs	6168408	σωφρονοῦντος	σωφρονέω	to be sound of mind	-spp	331
parts and infs	6168412	μανεὶς	μαίνομαι	to rage	-sap	331
parts and infs	6168420	ἀποδιδόναι	ἀποδίδωμι	to give back	--pn	331
parts and infs	6168427	ἀποδιδούς	ἀποδίδωμι	to give back	-spp	331
parts and infs	6168434	ἔχοντα	ἔχω	pharr10	-spp	331
parts and infs	6168436	ἐθέλων	ἐθέλω	pharr3	-spp	331
parts and infs	6168439	λέγειν	λέγω	to pick; to say	--pn	331
parts and infs	6168456	λέγειν	λέγω	to pick; to say	--pn	331
parts and infs	6168462	ἀποδιδόναι	ἀποδίδωμι	to give back	--pn	331
parts and infs	6168473	ὑπολαβὼν	ὑπολαμβάνω	take up; understand	-sap	331
parts and infs	6168482	πείθεσθαι	πείθω	pharr9	--pn	331
parts and infs	6168503	ἐπιμεληθῆναι	ἐπιμελέομαι	pharr25	--an	331
parts and infs	6168525	γελάσας	γελάω	to laugh	-sap	331
parts and infs	6168550	λέγοντα	λέγω	to pick; to say	-spp	331
parts and infs	6168552	λέγειν	λέγω	to pick; to say	--pn	331
parts and infs	6168564	ὀφειλόμενα	ὀφείλω	to owe	-ppp	331
parts and infs	6168566	ἀποδιδόναι	ἀποδίδωμι	to give back	--pn	331
parts and infs	6168571	λέγων	λέγω	to pick; to say	-spp	331
parts and infs	6168575	λέγειν	λέγω	to pick; to say	--pn	331
parts and infs	6168588	ἀπιστεῖν	ἀπιστέω	to disbelieve	--pn	332
parts and infs	6168628	παρακαταθεμένου	παρακατατίθεμαι	nodef	-sap	332
parts and infs	6168633	ἀπαιτοῦντι	ἀπαιτέω	to demand back	-spp	332
parts and infs	6168634	ἀποδιδόναι	ἀποδίδωμι	to give back	--pn	332
parts and infs	6168638	ὀφειλόμενόν	ὀφείλω	to owe	-spp	332
parts and infs	6168682	ὀφειλόμενα	ὀφείλω	to owe	-ppp	332
parts and infs	6168684	εἶναι	εἰμί	pharr17	--pn	332
parts and infs	6168685	ἀποδιδόναι	ἀποδίδωμι	to give back	--pn	332
parts and infs	6168698	ὀφείλειν	ὀφείλω	to owe	--pn	332
parts and infs	6168704	δρᾶν	δράω	to do	--pn	332
parts and infs	6168719	ὀφειλόμενα	ὀφείλω	to owe	-ppp	332
parts and infs	6168726	παρακαταθεμένῳ	παρακατατίθεμαι	nodef	-sap	332
parts and infs	6168742	ἀπολαμβάνων	ἀπολαμβάνω	to take away	-spp	332
parts and infs	6168745	ἀποδιδούς	ἀποδίδωμι	to give back	-spp	332
parts and infs	6168749	λέγειν	λέγω	to pick; to say	--pn	332
parts and infs	6168767	ὀφειλόμενον	ὀφείλω	to owe	-spp	332
parts and infs	6168828	προσῆκον	προσήκω	to have come; to belong to	-spp	332
parts and infs	6168830	ἀποδιδόναι	ἀποδίδωμι	to give back	--pn	332
parts and infs	6168835	ὀφειλόμενον	ὀφείλω	to owe	-spp	332
parts and infs	6168864	ἀποδιδοῦσα	ἀποδίδωμι	to give back	-spp	332
parts and infs	6168865	ὀφειλόμενον	ὀφείλω	to owe	-spp	332
parts and infs	6168867	προσῆκον	προσήκω	to have come; to belong to	-spp	332
parts and infs	6168877	ἀποκρίνασθαι	ἀποκρίνω	to separate	--an	332
parts and infs	6168897	ἀποδιδοῦσα	ἀποδίδωμι	to give back	-spp	332
parts and infs	6168898	ὀφειλόμενον	ὀφείλω	to owe	-spp	332
parts and infs	6168900	προσῆκον	προσήκω	to have come; to belong to	-spp	332
parts and infs	6168918	ἀποδιδοῦσα	ἀποδίδωμι	to give back	-spp	332
parts and infs	6168931	ἀκολουθεῖν	ἀκολουθέω	to follow	--pn	332
parts and infs	6168938	εἰρημένοις	λέγω	to pick; to say	-prp	332
parts and infs	6168950	ἀποδιδοῦσα	ἀποδίδωμι	to give back	-spp	332
parts and infs	6168957	ποιεῖν	ποιέω	pharr23	--pn	332
parts and infs	6168971	κάμνοντας	κάμνω	to work	-ppp	332
parts and infs	6168974	ποιεῖν	ποιέω	pharr23	--pn	332
parts and infs	6168987	πλέοντας	πλέω	to sail	-ppp	332
parts and infs	6169010	ὠφελεῖν	ὠφελέω	pharr31	--pn	332
parts and infs	6169013	βλάπτειν	βλάπτω	to disable	--pn	332
parts and infs	6169017	προσπολεμεῖν	προσπολεμέω	to carry on war against	--pn	332
parts and infs	6169021	συμμαχεῖν	συμμαχέω	to be an ally	--pn	332
parts and infs	6169054	πολεμοῦσιν	πολεμόω	to make hostile	-ppp	332
parts and infs	6169124	εἶναι	εἰμί	pharr17	--pn	333
parts and infs	6169219	χρῆσθαι	χράω	to fall upon	--pn	333
parts and infs	6169226	πρίασθαι	πρίαμαι	nodef	--pn	333
parts and infs	6169228	ἀποδόσθαι	ἀποδίδωμι	to give back	--an	333
parts and infs	6169268	χρῆσθαι	χράω	to fall upon	--pn	333
parts and infs	6169277	παρακαταθέσθαι	παρακατατίθεμαι	nodef	--an	333
parts and infs	6169280	εἶναι	εἰμί	pharr17	--pn	333
parts and infs	6169291	χρῆσθαι	χράω	to fall upon	--pn	333
parts and infs	6169293	κεῖσθαι	κεῖμαι	to lie; to have been set/put (as perf. pass. of τίθημι)	--pn	333
parts and infs	6169318	φυλάττειν	φυλάσσω	pharr6	--pn	333
parts and infs	6169330	χρῆσθαι	χράω	to fall upon	--pn	333
parts and infs	6169345	φυλάττειν	φυλάσσω	pharr6	--pn	333
parts and infs	6169348	χρῆσθαι	χράω	to fall upon	--pn	333
parts and infs	6169351	εἶναι	εἰμί	pharr17	--pn	333
parts and infs	6169357	χρῆσθαι	χράω	to fall upon	--pn	333
parts and infs	6169408	ὂν	εἰμί	pharr17	-spp	333
parts and infs	6169418	πατάξαι	πατάσσω	to beat	--an	333
parts and infs	6169431	φυλάξασθαι	φυλάσσω	pharr6	--an	333
parts and infs	6169442	φυλάξασθαι	φυλάσσω	pharr6	--an	333
parts and infs	6169445	λαθεῖν	λανθάνω	to escape notice	--an	333
parts and infs	6169448	ἐμποιήσας	ἐμποιέω	to make in	-sap	333
parts and infs	6169467	κλέψαι	κλέπτω	to steal	--an	334
parts and infs	6169497	φυλάττειν	φυλάσσω	pharr6	--pn	334
parts and infs	6169500	κλέπτειν	κλέπτω	to steal	--pn	334
parts and infs	6169527	μεμαθηκέναι	μανθάνω	to learn	--rn	334
parts and infs	6169547	κεκάσθαι	κάζω	nodef	--rn	334
parts and infs	6169568	εἶναι	εἰμί	pharr17	--pn	334
parts and infs	6169605	ὠφελεῖν	ὠφελέω	pharr31	--pn	334
parts and infs	6169612	βλάπτειν	βλάπτω	to disable	--pn	334
parts and infs	6169620	εἶναι	εἰμί	pharr17	--pn	334
parts and infs	6169623	δοκοῦντας	δοκέω	pharr23	-ppp	334
parts and infs	6169626	εἶναι	εἰμί	pharr17	--pn	334
parts and infs	6169630	ὄντας	εἰμί	pharr17	-ppp	334
parts and infs	6169640	εἰκὸς	ἔοικα	to be like; to look like	-srp	334
parts and infs	6169650	φιλεῖν	φιλέω	pharr23	--pn	334
parts and infs	6169656	μισεῖν	μισέω	to hate	--pn	334
parts and infs	6169668	δοκεῖν	δοκέω	pharr23	--pn	334
parts and infs	6169673	εἶναι	εἰμί	pharr17	--pn	334
parts and infs	6169675	ὄντας	εἰμί	pharr17	-ppp	334
parts and infs	6169707	ὠφελεῖν	ὠφελέω	pharr31	--pn	334
parts and infs	6169712	βλάπτειν	βλάπτω	to disable	--pn	334
parts and infs	6169726	ἀδικεῖν	ἀδικέω	pharr23	--pn	334
parts and infs	6169737	ἀδικοῦντας	ἀδικέω	pharr23	-ppp	334
parts and infs	6169740	ποιεῖν	ποιέω	pharr23	--pn	334
parts and infs	6169752	εἶναι	εἰμί	pharr17	--pn	334
parts and infs	6169765	βλάπτειν	βλάπτω	to disable	--pn	334
parts and infs	6169770	ὠφελεῖν	ὠφελέω	pharr31	--pn	334
parts and infs	6169791	εἶναι	εἰμί	pharr17	--pn	334
parts and infs	6169795	βλάπτειν	βλάπτω	to disable	--pn	334
parts and infs	6169805	ὠφελεῖν	ὠφελέω	pharr31	--pn	334
parts and infs	6169820	λέγειν	λέγω	to pick; to say	--pn	334
parts and infs	6169841	θέσθαι	τίθημι	to set	--an	334
parts and infs	6169844	θέμενοι	τίθημι	to set	-pap	334
parts and infs	6169850	δοκοῦντα	δοκέω	pharr23	-spp	334
parts and infs	6169855	εἶναι	εἰμί	pharr17	--pn	334
parts and infs	6169868	δοκοῦντά	δοκέω	pharr23	-spp	335
parts and infs	6169877	ὄντα	εἰμί	pharr17	-spp	335
parts and infs	6169883	δοκοῦντα	δοκέω	pharr23	-spp	335
parts and infs	6169886	ὄντα	εἰμί	pharr17	-spp	335
parts and infs	6169890	δοκεῖν	δοκέω	pharr23	--pn	335
parts and infs	6169893	εἶναι	εἰμί	pharr17	--pn	335
parts and infs	6169929	προσθεῖναι	προστίθημι	to add	--an	335
parts and infs	6169938	λέγοντες	λέγω	to pick; to say	-ppp	335
parts and infs	6169940	εἶναι	εἰμί	pharr17	--pn	335
parts and infs	6169945	ποιεῖν	ποιέω	pharr23	--pn	335
parts and infs	6169956	λέγειν	λέγω	to pick; to say	--pn	335
parts and infs	6169965	ὄντα	εἰμί	pharr17	-spp	335
parts and infs	6169967	ποιεῖν	ποιέω	pharr23	--pn	335
parts and infs	6169973	ὄντα	εἰμί	pharr17	-spp	335
parts and infs	6169974	βλάπτειν	βλάπτω	to disable	--pn	335
parts and infs	6169987	λέγεσθαι	λέγω	to pick; to say	--pn	335
parts and infs	6169998	βλάπτειν	βλάπτω	to disable	--pn	335
parts and infs	6170016	βλάπτειν	βλάπτω	to disable	--pn	335
parts and infs	6170018	βλαπτόμενοι	βλάπτω	to disable	-ppp	335
parts and infs	6170050	βλαπτόμενοι	βλάπτω	to disable	-ppp	335
parts and infs	6170077	βλαπτομένους	βλάπτω	to disable	-ppp	335
parts and infs	6170083	γίγνεσθαι	γίγνομαι	pharr26	--pn	335
parts and infs	6170102	βλαπτομένους	βλάπτω	to disable	-ppp	335
parts and infs	6170112	γίγνεσθαι	γίγνομαι	pharr26	--pn	335
parts and infs	6170124	ποιεῖν	ποιέω	pharr23	--pn	335
parts and infs	6170162	ψύχειν	ψύχω	to breathe	--pn	335
parts and infs	6170171	ὑγραίνειν	ὑγραίνω	to wet	--pn	335
parts and infs	6170183	βλάπτειν	βλάπτω	to disable	--pn	335
parts and infs	6170203	βλάπτειν	βλάπτω	to disable	--pn	335
parts and infs	6170226	λέγειν	λέγω	to pick; to say	--pn	335
parts and infs	6170236	ὀφειλόμενα	ὀφείλω	to owe	-ppp	335
parts and infs	6170238	ἀποδιδόναι	ἀποδίδωμι	to give back	--pn	335
parts and infs	6170242	εἶναι	εἰμί	pharr17	--pn	335
parts and infs	6170253	ὀφείλεσθαι	ὀφείλω	to owe	--pn	335
parts and infs	6170269	εἰπών	λέγω	to pick; to say	-sap	335
parts and infs	6170282	ὂν	εἰμί	pharr17	-spp	335
parts and infs	6170283	βλάπτειν	βλάπτω	to disable	--pn	335
parts and infs	6170314	εἰρηκέναι	λέγω	to pick; to say	--rn	335
parts and infs	6170332	κοινωνεῖν	κοινωνέω	to have or do in common with	--pn	335
parts and infs	6170346	εἶναι	εἰμί	pharr17	--pn	336
parts and infs	6170351	φάναι	φημί	to say	--pn	336
parts and infs	6170353	εἶναι	εἰμί	pharr17	--pn	336
parts and infs	6170357	ὠφελεῖν	ὠφελέω	pharr31	--pn	336
parts and infs	6170362	βλάπτειν	βλάπτω	to disable	--pn	336
parts and infs	6170371	εἶναι	εἰμί	pharr17	--pn	336
parts and infs	6170384	οἰομένου	οἴομαι	to suppose	-spp	336
parts and infs	6170385	δύνασθαι	δύναμαι	to be able	--pn	336
parts and infs	6170408	ὂν	εἰμί	pharr17	-spp	336
parts and infs	6170419	εἶναι	εἰμί	pharr17	--pn	336
parts and infs	6170427	διαλεγομένων	διαλέγω	to pick out one from another	-ppp	336
parts and infs	6170431	ἀντιλαμβάνεσθαι	ἀντιλαμβάνω	to receive instead of	--pn	336
parts and infs	6170438	παρακαθημένων	παρακάθημαι	to be seated beside	-prp	336
parts and infs	6170440	βουλομένων	βούλομαι	pharr24	-ppp	336
parts and infs	6170441	διακοῦσαι	διακούω	to hear through	--an	336
parts and infs	6170458	συστρέψας	συστρέφω	to twist up into a ball	-sap	336
parts and infs	6170466	διαρπασόμενος	διαρπάζω	pharr18	-sfp	336
parts and infs	6170474	δείσαντες	δείδω	to fear	-pap	336
parts and infs	6170482	φθεγξάμενος	φθέγγομαι	to utter a sound	-sap	336
parts and infs	6170501	ὑποκατακλινόμενοι	ὑποκατακλίνομαι	nodef	-ppp	336
parts and infs	6170510	εἰδέναι	οἶδα	to know	--rn	336
parts and infs	6170527	ἐγνωκὼς	γιγνώσκω	to learn to know	-srp	336
parts and infs	6170532	ἐρωτᾶν	ἐρωτάω	to ask	--pn	336
parts and infs	6170534	ἀποκρίνεσθαι	ἀποκρίνω	to separate	--pn	336
parts and infs	6170544	εἶναι	εἰμί	pharr17	--pn	336
parts and infs	6170555	δέον	δέω	pharr31	-spp	336
parts and infs	6170564	λυσιτελοῦν	λυσιτελέω	to bring profit	-spp	336
parts and infs	6170572	συμφέρον	συμφέρω	to bring together; impers. to benefit	-spp	336
parts and infs	6170595	ἀκούσας	ἀκούω	to hear	-sap	336
parts and infs	6170598	προσβλέπων	προσβλέπω	to look at	-spp	336
parts and infs	6170617	γενέσθαι	γίγνομαι	pharr26	--an	336
parts and infs	6170626	ἐξαγριαίνεσθαι	ἐξαγριαίνω	to make savage	--pn	336
parts and infs	6170637	ἀποκρίνασθαι	ἀποκρίνω	to separate	--an	336
parts and infs	6170641	ὑποτρέμων	ὑποτρέμω	to tremble a little	-spp	336
parts and infs	6170686	εἶναι	εἰμί	pharr17	--pn	336
parts and infs	6170687	ὑποκατακλίνεσθαι	ὑποκατακλίνομαι	nodef	--pn	336
parts and infs	6170693	διαφθείρειν	διαφθείρω	to destroy	--pn	336
parts and infs	6170700	ζητοῦντας	ζητέω	to seek	-ppp	336
parts and infs	6170710	ὑπείκειν	ὑπείκω	to retire	--pn	336
parts and infs	6170714	σπουδάζειν	σπουδάζω	to make haste	--pn	336
parts and infs	6170717	φανῆναι	φαίνω	to bring to light	--an	336
parts and infs	6170732	ἐλεεῖσθαι	ἐλεέω	to have pity on	--pn	337
parts and infs	6170737	εἰκός	ἔοικα	to be like; to look like	-srp	337
parts and infs	6170745	χαλεπαίνεσθαι	χαλεπαίνω	to be severe	--pn	337
parts and infs	6170749	ἀκούσας	ἀκούω	to hear	-sap	337
parts and infs	6170765	εἰωθυῖα	εἴωθα	to be accustomed	-srp	337
parts and infs	6170780	ἀποκρίνασθαι	ἀποκρίνω	to separate	--an	337
parts and infs	6170824	ἐρόμενος	ἔρομαι	to ask	-sap	337
parts and infs	6170872	πυνθανομένῳ	πυνθάνομαι	to learn by hearsay	-spp	337
parts and infs	6170901	ὄν	εἰμί	pharr17	-spp	337
parts and infs	6170950	ἐρωτηθέντι	ἐρωτάω	to ask	-sap	337
parts and infs	6170957	ἀποκρινεῖσθαι	ἀποκρίνω	to separate	--fn	337
parts and infs	6170959	φαινόμενον	φαίνω	to bring to light	-spp	337
parts and infs	6170997	σκεψαμένῳ	σκοπέω	to look at	-sap	337
parts and infs	6171022	παθεῖν	πάσχω	pharr30	--an	337
parts and infs	6171034	πάσχειν	πάσχω	pharr30	--pn	337
parts and infs	6171037	εἰδότι	οἶδα	to know	-srp	337
parts and infs	6171042	μαθεῖν	μανθάνω	to learn	--an	337
parts and infs	6171045	εἰδότος	οἶδα	to know	-srp	337
parts and infs	6171052	παθεῖν	πάσχω	pharr30	--an	337
parts and infs	6171063	μαθεῖν	μανθάνω	to learn	--an	337
parts and infs	6171108	εἰωθὸς	εἴωθα	to be accustomed	-srp	337
parts and infs	6171118	ἀποκρινομένου	ἀποκρίνω	to separate	-spp	337
parts and infs	6171139	εἰδὼς	οἶδα	to know	-srp	338
parts and infs	6171141	φάσκων	φάσκω	to say	-spp	338
parts and infs	6171142	εἰδέναι	οἶδα	to know	--rn	338
parts and infs	6171153	ἀπειρημένον	ἀπολέγω	to pick out from; to decline	-srp	338
parts and infs	6171170	εἰκὸς	ἔοικα	to be like; to look like	-srp	338
parts and infs	6171171	λέγειν	λέγω	to pick; to say	--pn	338
parts and infs	6171177	εἰδέναι	οἶδα	to know	--rn	338
parts and infs	6171179	ἔχειν	ἔχω	pharr10	--pn	338
parts and infs	6171180	εἰπεῖν	λέγω	to pick; to say	--an	338
parts and infs	6171191	ἀποκρινόμενος	ἀποκρίνω	to separate	-spp	338
parts and infs	6171198	διδάξαι	διδάσκω	pharr31	--an	338
parts and infs	6171203	εἰπόντος	λέγω	to pick; to say	-sap	338
parts and infs	6171218	ποιεῖν	ποιέω	pharr23	--pn	338
parts and infs	6171226	ἐπιθυμῶν	ἐπιθυμέω	pharr33	-spp	338
parts and infs	6171227	εἰπεῖν	λέγω	to pick; to say	--an	338
parts and infs	6171231	ἡγούμενος	ἡγέομαι	pharr25	-spp	338
parts and infs	6171232	ἔχειν	ἔχω	pharr10	--pn	338
parts and infs	6171238	φιλονικεῖν	φιλονεικέω	nodef	--pn	338
parts and infs	6171242	εἶναι	εἰμί	pharr17	--pn	338
parts and infs	6171244	ἀποκρινόμενον	ἀποκρίνω	to separate	-spp	338
parts and infs	6171246	τελευτῶν	τελευτάω	to complete	-spp	338
parts and infs	6171265	ἐθέλειν	ἐθέλω	pharr3	--pn	338
parts and infs	6171266	διδάσκειν	διδάσκω	pharr31	--pn	338
parts and infs	6171272	περιιόντα	περιέρχομαι	to go round	-spp	338
parts and infs	6171273	μανθάνειν	μανθάνω	to learn	--pn	338
parts and infs	6171278	ἀποδιδόναι	ἀποδίδωμι	to give back	--pn	338
parts and infs	6171304	ἐκτίνειν	ἐκτίνω	to pay off	--pn	338
parts and infs	6171315	ἐπαινεῖν	ἐπαινέω	to approve	--pn	338
parts and infs	6171334	λέγειν	λέγω	to pick; to say	--pn	338
parts and infs	6171349	ἐρεῖν	λέγω	to pick; to say	--fn	338
parts and infs	6171361	εἶναι	εἰμί	pharr17	--pn	338
parts and infs	6171371	συμφέρον	συμφέρω	to bring together; impers. to benefit	-spp	338
parts and infs	6171401	συμφέρον	συμφέρω	to bring together; impers. to benefit	-spp	338
parts and infs	6171403	εἶναι	εἰμί	pharr17	--pn	338
parts and infs	6171442	εἶναι	εἰμί	pharr17	--pn	338
parts and infs	6171448	συμφέρον	συμφέρω	to bring together; impers. to benefit	-spp	338
parts and infs	6171520	ἄρχον	ἄρχω	pharr9	-spp	338
parts and infs	6171536	συμφέρον	συμφέρω	to bring together; impers. to benefit	-spp	338
parts and infs	6171551	θέμεναι	τίθημι	to set	-pap	338
parts and infs	6171557	ἀρχομένοις	ἄρχω	pharr9	-ppp	338
parts and infs	6171558	εἶναι	εἰμί	pharr17	--pn	338
parts and infs	6171562	συμφέρον	συμφέρω	to bring together; impers. to benefit	-spp	338
parts and infs	6171567	ἐκβαίνοντα	ἐκβαίνω	to step out of	-spp	338
parts and infs	6171570	παρανομοῦντά	παρανομέω	to transgress the law	-spp	338
parts and infs	6171573	ἀδικοῦντα	ἀδικέω	pharr23	-spp	338
parts and infs	6171590	εἶναι	εἰμί	pharr17	--pn	339
parts and infs	6171595	καθεστηκυίας	καθίστημι	to set down	-srp	339
parts and infs	6171597	συμφέρον	συμφέρω	to bring together; impers. to benefit	-spp	339
parts and infs	6171608	λογιζομένῳ	λογίζομαι	to count	-spp	339
parts and infs	6171610	εἶναι	εἰμί	pharr17	--pn	339
parts and infs	6171618	συμφέρον	συμφέρω	to bring together; impers. to benefit	-spp	339
parts and infs	6171637	μαθεῖν	μανθάνω	to learn	--an	339
parts and infs	6171640	συμφέρον	συμφέρω	to bring together; impers. to benefit	-spp	339
parts and infs	6171651	εἶναι	εἰμί	pharr17	--pn	339
parts and infs	6171696	συμφέρον	συμφέρω	to bring together; impers. to benefit	-spp	339
parts and infs	6171699	εἶναι	εἰμί	pharr17	--pn	339
parts and infs	6171712	εἶναι	εἰμί	pharr17	--pn	339
parts and infs	6171741	πείθεσθαι	πείθω	pharr9	--pn	339
parts and infs	6171744	ἄρχουσιν	ἄρχω	pharr9	-ppp	339
parts and infs	6171747	εἶναι	εἰμί	pharr17	--pn	339
parts and infs	6171765	ἁμαρτεῖν	ἁμαρτάνω	to miss	--an	339
parts and infs	6171775	ἁμαρτεῖν	ἁμαρτάνω	to miss	--an	339
parts and infs	6171778	ἐπιχειροῦντες	ἐπιχειρέω	to attempt	-ppp	339
parts and infs	6171780	τιθέναι	τίθημι	to set	--pn	339
parts and infs	6171801	συμφέροντά	συμφέρω	to bring together; impers. to benefit	-ppp	339
parts and infs	6171803	τίθεσθαι	τίθημι	to set	--pn	339
parts and infs	6171824	ἀρχομένοις	ἄρχω	pharr9	-ppp	339
parts and infs	6171848	συμφέρον	συμφέρω	to bring together; impers. to benefit	-spp	339
parts and infs	6171849	ποιεῖν	ποιέω	pharr23	--pn	339
parts and infs	6171857	συμφέρον	συμφέρω	to bring together; impers. to benefit	-spp	339
parts and infs	6171881	ἀρχομένοις	ἄρχω	pharr9	-ppp	339
parts and infs	6171882	προστάττοντας	προστάσσω	to order	-ppp	339
parts and infs	6171883	ποιεῖν	ποιέω	pharr23	--pn	339
parts and infs	6171886	διαμαρτάνειν	διαμαρτάνω	to go astray from	--pn	339
parts and infs	6171898	εἶναι	εἰμί	pharr17	--pn	339
parts and infs	6171900	ἀρχομένοις	ἄρχω	pharr9	-ppp	339
parts and infs	6171901	ποιεῖν	ποιέω	pharr23	--pn	339
parts and infs	6171922	ποιεῖν	ποιέω	pharr23	--pn	339
parts and infs	6171929	εἶναι	εἰμί	pharr17	--pn	339
parts and infs	6171930	ὡμολογῆσθαί	ὁμολογέω	pharr26	--rn	339
parts and infs	6171945	εἶναι	εἰμί	pharr17	--pn	339
parts and infs	6171948	ποιεῖν	ποιέω	pharr23	--pn	339
parts and infs	6171962	συμβαίνειν	συμβαίνω	meet	--pn	339
parts and infs	6171967	εἶναι	εἰμί	pharr17	--pn	339
parts and infs	6171968	ποιεῖν	ποιέω	pharr23	--pn	339
parts and infs	6171985	ποιεῖν	ποιέω	pharr23	--pn	339
parts and infs	6172013	ὑπολαβών	ὑπολαμβάνω	take up; understand	-sap	340
parts and infs	6172033	προστάττειν	προστάσσω	to order	--pn	340
parts and infs	6172038	εἶναι	εἰμί	pharr17	--pn	340
parts and infs	6172040	ποιεῖν	ποιέω	pharr23	--pn	340
parts and infs	6172045	κελευόμενα	κελεύω	pharr13	-ppp	340
parts and infs	6172046	ποιεῖν	ποιέω	pharr23	--pn	340
parts and infs	6172055	εἶναι	εἰμί	pharr17	--pn	340
parts and infs	6172068	συμφέρον	συμφέρω	to bring together; impers. to benefit	-spp	340
parts and infs	6172070	εἶναι	εἰμί	pharr17	--pn	340
parts and infs	6172076	θέμενος	τίθημι	to set	-sap	340
parts and infs	6172085	κελεύειν	κελεύω	pharr13	--pn	340
parts and infs	6172090	ἀρχομένους	ἄρχω	pharr9	-ppp	340
parts and infs	6172091	ποιεῖν	ποιέω	pharr23	--pn	340
parts and infs	6172103	συμφέρον	συμφέρω	to bring together; impers. to benefit	-spp	340
parts and infs	6172110	συμφέρον	συμφέρω	to bring together; impers. to benefit	-spp	340
parts and infs	6172121	συμφέρον	συμφέρω	to bring together; impers. to benefit	-spp	340
parts and infs	6172128	συμφέρειν	συμφέρω	to bring together; impers. to benefit	--pn	340
parts and infs	6172132	εἶναι	εἰμί	pharr17	--pn	340
parts and infs	6172187	λέγειν	λέγω	to pick; to say	--pn	340
parts and infs	6172194	συμφέρον	συμφέρω	to bring together; impers. to benefit	-spp	340
parts and infs	6172195	δοκοῦν	δοκέω	pharr23	-spp	340
parts and infs	6172196	εἶναι	εἰμί	pharr17	--pn	340
parts and infs	6172208	λέγειν	λέγω	to pick; to say	--pn	340
parts and infs	6172219	καλεῖν	καλέω	pharr23	--pn	340
parts and infs	6172221	ἐξαμαρτάνοντα	ἐξαμαρτάνω	to err from the mark	-spp	340
parts and infs	6172232	λέγειν	λέγω	to pick; to say	--pn	340
parts and infs	6172239	εἶναι	εἰμί	pharr17	--pn	340
parts and infs	6172243	ἐξαμαρτάνειν	ἐξαμαρτάνω	to err from the mark	--pn	340
parts and infs	6172264	ἐξαμαρτάνοντα	ἐξαμαρτάνω	to err from the mark	-spp	340
parts and infs	6172267	κάμνοντας	κάμνω	to work	-ppp	340
parts and infs	6172344	ἐπιλειπούσης	ἐπιλείπω	to leave behind; to run out	-spp	340
parts and infs	6172348	ἁμαρτάνων	ἁμαρτάνω	to miss	-spp	340
parts and infs	6172392	ἀποκρίνεσθαι	ἀποκρίνω	to separate	--pn	341
parts and infs	6172399	ὄν	εἰμί	pharr17	-spp	341
parts and infs	6172410	ἁμαρτάνειν	ἁμαρτάνω	to miss	--pn	341
parts and infs	6172413	ἁμαρτάνοντα	ἁμαρτάνω	to miss	-spp	341
parts and infs	6172418	τίθεσθαι	τίθημι	to set	--pn	341
parts and infs	6172423	ἀρχομένῳ	ἄρχω	pharr9	-spp	341
parts and infs	6172437	ποιεῖν	ποιέω	pharr23	--pn	341
parts and infs	6172438	συμφέρον	συμφέρω	to bring together; impers. to benefit	-spp	341
parts and infs	6172451	συκοφαντεῖν	συκοφαντέω	to accuse falsely	--pn	341
parts and infs	6172467	κακουργοῦντά	κακουργέω	to do evil	-spp	341
parts and infs	6172469	ἐρέσθαι	ἔρομαι	to ask	--an	341
parts and infs	6172492	κακουργῶν	κακουργέω	to do evil	-spp	341
parts and infs	6172496	λαθὼν	λανθάνω	to escape notice	-sap	341
parts and infs	6172497	βιάσασθαι	βιάζω	to constrain	--an	341
parts and infs	6172535	εἰπεῖν	λέγω	to pick; to say	--an	341
parts and infs	6172547	συμφέρον	συμφέρω	to bring together; impers. to benefit	-spp	341
parts and infs	6172549	ὄντος	εἰμί	pharr17	-spp	341
parts and infs	6172554	ποιεῖν	ποιέω	pharr23	--pn	341
parts and infs	6172564	ὄντα	εἰμί	pharr17	-spp	341
parts and infs	6172595	μανῆναι	μαίνομαι	to rage	--an	341
parts and infs	6172597	ξυρεῖν	ξυρέω	to shave	--pn	341
parts and infs	6172598	ἐπιχειρεῖν	ἐπιχειρέω	to attempt	--pn	341
parts and infs	6172601	συκοφαντεῖν	συκοφαντέω	to accuse falsely	--pn	341
parts and infs	6172612	ὢν	εἰμί	pharr17	-spp	341
parts and infs	6172644	καμνόντων	κάμνω	to work	-ppp	341
parts and infs	6172651	ὄντι	εἰμί	pharr17	-spp	341
parts and infs	6172653	ὄντα	εἰμί	pharr17	-spp	341
parts and infs	6172656	καμνόντων	κάμνω	to work	-ppp	341
parts and infs	6172721	συμφέρον	συμφέρω	to bring together; impers. to benefit	-spp	341
parts and infs	6172742	συμφέρον	συμφέρω	to bring together; impers. to benefit	-spp	341
parts and infs	6172744	ζητεῖν	ζητέω	to seek	--pn	341
parts and infs	6172747	ἐκπορίζειν	ἐκπορίζω	to invent	--pn	341
parts and infs	6172762	συμφέρον	συμφέρω	to bring together; impers. to benefit	-spp	341
parts and infs	6172768	εἶναι	εἰμί	pharr17	--pn	341
parts and infs	6172785	εἶναι	εἰμί	pharr17	--pn	341
parts and infs	6172808	ηὑρημένη	εὑρίσκω	to find	-srp	341
parts and infs	6172819	εἶναι	εἰμί	pharr17	--pn	341
parts and infs	6172826	συμφέροντα	συμφέρω	to bring together; impers. to benefit	-ppp	341
parts and infs	6172842	εἰπεῖν	λέγω	to pick; to say	--an	341
parts and infs	6172844	λέγων	λέγω	to pick; to say	-spp	341
parts and infs	6172889	συμφέρον	συμφέρω	to bring together; impers. to benefit	-spp	342
parts and infs	6172893	σκεψομένης	σκοπέω	to look at	-sfp	342
parts and infs	6172896	ἐκποριούσης	ἐκπορίζω	to invent	-sfp	342
parts and infs	6172917	συμφέρον	συμφέρω	to bring together; impers. to benefit	-spp	342
parts and infs	6172922	σκοπουμένῃ	σκοπέω	to look at	-spp	342
parts and infs	6172936	συμφέρον	συμφέρω	to bring together; impers. to benefit	-spp	342
parts and infs	6172950	συμφέρον	συμφέρω	to bring together; impers. to benefit	-spp	342
parts and infs	6172951	σκοπεῖν	σκοπέω	to look at	--pn	342
parts and infs	6172968	συμφέρον	συμφέρω	to bring together; impers. to benefit	-spp	342
parts and infs	6172969	ζητεῖν	ζητέω	to seek	--pn	342
parts and infs	6172983	οὖσα	εἰμί	pharr17	-spp	342
parts and infs	6173022	συμφέρον	συμφέρω	to bring together; impers. to benefit	-spp	342
parts and infs	6173090	συμφέρον	συμφέρω	to bring together; impers. to benefit	-spp	342
parts and infs	6173101	ἀρχομένου	ἄρχω	pharr9	-spp	342
parts and infs	6173109	τελευτῶν	τελευτάω	to complete	-spp	342
parts and infs	6173115	μάχεσθαι	μάχομαι	pharr24	--pn	342
parts and infs	6173140	συμφέρον	συμφέρω	to bring together; impers. to benefit	-spp	342
parts and infs	6173148	κάμνοντι	κάμνω	to work	-spp	342
parts and infs	6173156	εἶναι	εἰμί	pharr17	--pn	342
parts and infs	6173157	ἄρχων	ἄρχω	pharr9	-spp	342
parts and infs	6173175	εἶναι	εἰμί	pharr17	--pn	342
parts and infs	6173176	ἄρχων	ἄρχω	pharr9	-spp	342
parts and infs	6173195	συμφέρον	συμφέρω	to bring together; impers. to benefit	-spp	342
parts and infs	6173207	ἀρχομένῳ	ἄρχω	pharr9	-spp	342
parts and infs	6173235	συμφέρον	συμφέρω	to bring together; impers. to benefit	-spp	342
parts and infs	6173243	ἀρχομένῳ	ἄρχω	pharr9	-spp	342
parts and infs	6173253	βλέπων	βλέπω	to see	-spp	342
parts and infs	6173257	συμφέρον	συμφέρω	to bring together; impers. to benefit	-spp	342
parts and infs	6173259	πρέπον	πρέπω	to be clearly seen	-spp	342
parts and infs	6173295	ἀποκρίνεσθαι	ἀποκρίνω	to separate	--pn	343
parts and infs	6173317	ἀποκρίνεσθαι	ἀποκρίνω	to separate	--pn	343
parts and infs	6173322	ἐρωτᾶν	ἐρωτάω	to ask	--pn	343
parts and infs	6173330	κορυζῶντα	κορυζάω	to run at the nose	-spp	343
parts and infs	6173335	δεόμενον	δέω	pharr31	-spp	343
parts and infs	6173370	σκοπεῖν	σκοπέω	to look at	--pn	343
parts and infs	6173372	παχύνειν	παχύνω	to thicken	--pn	343
parts and infs	6173375	θεραπεύειν	θεραπεύω	to be an attendant	--pn	343
parts and infs	6173379	βλέποντας	βλέπω	to see	-ppp	343
parts and infs	6173406	διανοεῖσθαι	διανοέω	nodef	--pn	343
parts and infs	6173409	ἀρχομένους	ἄρχω	pharr9	-ppp	343
parts and infs	6173421	σκοπεῖν	σκοπέω	to look at	--pn	343
parts and infs	6173462	ὄντι	εἰμί	pharr17	-spp	343
parts and infs	6173468	ἄρχοντος	ἄρχω	pharr9	-spp	343
parts and infs	6173469	συμφέρον	συμφέρω	to bring together; impers. to benefit	-spp	343
parts and infs	6173474	πειθομένου	πείθω	pharr9	-spp	343
parts and infs	6173477	ὑπηρετοῦντος	ὑπηρετέω	to do service on board ship	-spp	343
parts and infs	6173498	ἀρχόμενοι	ἄρχω	pharr9	-ppp	343
parts and infs	6173502	συμφέρον	συμφέρω	to bring together; impers. to benefit	-spp	343
parts and infs	6173504	ὄντος	εἰμί	pharr17	-spp	343
parts and infs	6173510	ὑπηρετοῦντες	ὑπηρετέω	to do service on board ship	-ppp	343
parts and infs	6173518	σκοπεῖσθαι	σκοπέω	to look at	--pn	343
parts and infs	6173561	ἔχοντα	ἔχω	pharr10	-spp	343
parts and infs	6173633	ἔχειν	ἔχω	pharr10	--pn	343
parts and infs	6173640	ὠφελεῖσθαι	ὠφελέω	pharr31	--pn	343
parts and infs	6173644	εἶναι	εἰμί	pharr17	--pn	343
parts and infs	6173649	ἀπεχθέσθαι	ἀπεχθάνομαι	to be hated	--an	343
parts and infs	6173661	ὑπηρετεῖν	ὑπηρετέω	to do service on board ship	--pn	343
parts and infs	6173683	δυνάμενον	δύναμαι	to be able	-spp	344
parts and infs	6173684	πλεονεκτεῖν	πλεονεκτέω	to have or claim more than one’s share; to have an advantage	--pn	344
parts and infs	6173692	κρίνειν	κρίνω	to pick out	--pn	344
parts and infs	6173699	εἶναι	εἰμί	pharr17	--pn	344
parts and infs	6173719	ἀδικήσαντα	ἀδικέω	pharr23	-sap	344
parts and infs	6173725	ἀδικηθέντας	ἀδικέω	pharr23	-pap	344
parts and infs	6173727	ἀδικῆσαι	ἀδικέω	pharr23	--an	344
parts and infs	6173730	ἐθέλοντας	ἐθέλω	pharr3	-ppp	344
parts and infs	6173768	ἀδικήσας	ἀδικέω	pharr23	-sap	344
parts and infs	6173794	ἀδικοῦντες	ἀδικέω	pharr23	-ppp	344
parts and infs	6173810	ἀνδραποδισάμενος	ἀνδραποδίζω	to reduce to slavery	-sap	344
parts and infs	6173840	ἠδικηκότα	ἀδικέω	pharr23	-srp	344
parts and infs	6173845	ποιεῖν	ποιέω	pharr23	--pn	344
parts and infs	6173850	πάσχειν	πάσχω	pharr30	--pn	344
parts and infs	6173851	φοβούμενοι	φοβέω	to put to flight	-ppp	344
parts and infs	6173854	ὀνειδίζοντες	ὀνειδίζω	to throw a reproach upon	-ppp	344
parts and infs	6173873	γιγνομένη	γίγνομαι	pharr26	-spp	344
parts and infs	6173885	συμφέρον	συμφέρω	to bring together; impers. to benefit	-spp	344
parts and infs	6173889	ὄν	εἰμί	pharr17	-spp	344
parts and infs	6173895	λυσιτελοῦν	λυσιτελέω	to bring profit	-spp	344
parts and infs	6173898	συμφέρον	συμφέρω	to bring together; impers. to benefit	-spp	344
parts and infs	6173901	εἰπὼν	λέγω	to pick; to say	-sap	344
parts and infs	6173907	ἀπιέναι	ἀπέρχομαι	to go away	--pn	344
parts and infs	6173912	καταντλήσας	καταντλέω	to pour	-sap	344
parts and infs	6173928	παρόντες	πάρειμι	pharr17	-ppp	344
parts and infs	6173932	ὑπομεῖναί	ὑπομένω	to stay behind	--an	344
parts and infs	6173935	παρασχεῖν	παρέχω	pharr21	--an	344
parts and infs	6173937	εἰρημένων	λέγω	to pick; to say	-prp	344
parts and infs	6173956	ἐμβαλὼν	ἐμβάλλω	to throw in	-sap	344
parts and infs	6173961	ἀπιέναι	ἀπέρχομαι	to go away	--pn	344
parts and infs	6173963	διδάξαι	διδάσκω	pharr31	--an	344
parts and infs	6173966	μαθεῖν	μανθάνω	to learn	--an	344
parts and infs	6173976	ἐπιχειρεῖν	ἐπιχειρέω	to attempt	--pn	344
parts and infs	6173978	διορίζεσθαι	διορίζω	to draw a boundary through	--pn	344
parts and infs	6173985	διαγόμενος	διάγω	to carry over	-spp	344
parts and infs	6174002	ἔχειν	ἔχω	pharr10	--pn	344
parts and infs	6174014	κήδεσθαι	κήδω	to trouble	--pn	344
parts and infs	6174018	φροντίζειν	φροντίζω	to think	--pn	344
parts and infs	6174024	ἀγνοοῦντες	ἀγνοέω	not to perceive	-ppp	344
parts and infs	6174028	εἰδέναι	οἶδα	to know	--rn	344
parts and infs	6174037	ἐνδείξασθαι	ἐνδείκνυμι	to mark	--an	345
parts and infs	6174047	ὄντας	εἰμί	pharr17	-ppp	345
parts and infs	6174067	εἶναι	εἰμί	pharr17	--pn	345
parts and infs	6174077	πράττειν	πράσσω	pharr32	--pn	345
parts and infs	6174091	ἀδικεῖν	ἀδικέω	pharr23	--pn	345
parts and infs	6174094	λανθάνειν	λανθάνω	to escape notice	--pn	345
parts and infs	6174097	διαμάχεσθαι	διαμάχομαι	to fight	--pn	345
parts and infs	6174139	ποιούμενοι	ποιέω	pharr23	-ppp	345
parts and infs	6174166	φέρων	φέρω	pharr30	-spp	345
parts and infs	6174224	ὁριζόμενος	ὁρίζω	to divide	-spp	345
parts and infs	6174231	δεῖν	δέω	pharr31	--pn	345
parts and infs	6174234	φυλάξαι	φυλάσσω	pharr6	--an	345
parts and infs	6174237	πιαίνειν	πιαίνω	to make fat	--pn	345
parts and infs	6174254	βλέποντα	βλέπω	to see	-spp	345
parts and infs	6174261	μέλλοντα	μέλλω	pharr9	-spp	345
parts and infs	6174262	ἑστιάσεσθαι	ἑστιάω	to receive at one's hearth	--fn	345
parts and infs	6174272	ἀποδόσθαι	ἀποδίδωμι	to give back	--an	345
parts and infs	6174304	εἶναι	εἰμί	pharr17	--pn	345
parts and infs	6174317	εἶναι	εἰμί	pharr17	--pn	345
parts and infs	6174325	εἶναι	εἰμί	pharr17	--pn	345
parts and infs	6174327	ὁμολογεῖν	ὁμολογέω	pharr26	--pn	345
parts and infs	6174339	σκοπεῖσθαι	σκοπέω	to look at	--pn	345
parts and infs	6174344	ἀρχομένῳ	ἄρχω	pharr9	-spp	345
parts and infs	6174347	θεραπευομένῳ	θεραπεύω	to be an attendant	-spp	345
parts and infs	6174367	ἄρχοντας	ἄρχω	pharr9	-ppp	345
parts and infs	6174371	ἄρχειν	ἄρχω	pharr9	--pn	345
parts and infs	6174401	ἄρχειν	ἄρχω	pharr9	--pn	346
parts and infs	6174412	ἐσομένην	εἰμί	pharr17	-sfp	346
parts and infs	6174415	ἄρχειν	ἄρχω	pharr9	--pn	346
parts and infs	6174418	ἀρχομένοις	ἄρχω	pharr9	-ppp	346
parts and infs	6174433	εἶναι	εἰμί	pharr17	--pn	346
parts and infs	6174439	ἔχειν	ἔχω	pharr10	--pn	346
parts and infs	6174486	πλεῖν	πλέω	to sail	--pn	346
parts and infs	6174522	διορίζειν	διορίζω	to draw a boundary through	--pn	346
parts and infs	6174533	κυβερνῶν	κυβερνάω	to act as pilot	-spp	346
parts and infs	6174538	συμφέρον	συμφέρω	to bring together; impers. to benefit	-spp	346
parts and infs	6174540	πλεῖν	πλέω	to sail	--pn	346
parts and infs	6174568	μισθαρνῶν	μισθαρνέω	to work	-spp	346
parts and infs	6174581	ἰώμενός	ἰάομαι	to heal	-spp	346
parts and infs	6174597	εἶναι	εἰμί	pharr17	--pn	346
parts and infs	6174618	προσχρώμενοι	προσχράω	nodef	-ppp	346
parts and infs	6174632	ἀρνυμένους	ἄρνυμαι	to receive for oneself	-ppp	346
parts and infs	6174633	ὠφελεῖσθαι	ὠφελέω	pharr31	--pn	346
parts and infs	6174638	προσχρῆσθαι	προσχράω	nodef	--pn	346
parts and infs	6174642	γίγνεσθαι	γίγνομαι	pharr26	--pn	346
parts and infs	6174670	σκοπεῖσθαι	σκοπέω	to look at	--pn	346
parts and infs	6174693	ἑπομένη	ἕπομαι	pharr24	-spp	346
parts and infs	6174774	ἀρχομένῳ	ἄρχω	pharr9	-spp	346
parts and infs	6174782	συμφέρον	συμφέρω	to bring together; impers. to benefit	-spp	346
parts and infs	6174784	ὄντος	εἰμί	pharr17	-spp	346
parts and infs	6174785	σκοποῦσα	σκοπέω	to look at	-spp	346
parts and infs	6174806	ἐθέλειν	ἐθέλω	pharr3	--pn	347
parts and infs	6174808	ἄρχειν	ἄρχω	pharr9	--pn	347
parts and infs	6174813	μεταχειρίζεσθαι	μεταχειρίζω	to take in hand	--pn	347
parts and infs	6174814	ἀνορθοῦντα	ἀνορθόω	to set up again	-spp	347
parts and infs	6174818	αἰτεῖν	αἰτέω	pharr23	--pn	347
parts and infs	6174822	μέλλων	μέλλω	pharr9	-spp	347
parts and infs	6174826	πράξειν	πράσσω	pharr32	--fn	347
parts and infs	6174837	ἐπιτάττων	ἐπιτάσσω	to put upon one as a duty	-spp	347
parts and infs	6174841	ἀρχομένῳ	ἄρχω	pharr9	-spp	347
parts and infs	6174851	δεῖν	δέω	pharr31	--pn	347
parts and infs	6174852	ὑπάρχειν	ὑπάρχω	to begin; to exist	--pn	347
parts and infs	6174854	μέλλουσιν	μέλλω	pharr9	-ppp	347
parts and infs	6174855	ἐθελήσειν	ἐθέλω	pharr3	--fn	347
parts and infs	6174856	ἄρχειν	ἄρχω	pharr9	--pn	347
parts and infs	6174921	ἄρχειν	ἄρχω	pharr9	--pn	347
parts and infs	6174932	εἶναι	εἰμί	pharr17	--pn	347
parts and infs	6174955	ἄρχειν	ἄρχω	pharr9	--pn	347
parts and infs	6174964	πραττόμενοι	πράσσω	pharr32	-ppp	347
parts and infs	6174971	κεκλῆσθαι	καλέω	pharr23	--rn	347
parts and infs	6174979	λαμβάνοντες	λαμβάνω	pharr21	-ppp	347
parts and infs	6174996	προσεῖναι	πρόσειμι	be there (in addition)	--pn	347
parts and infs	6175002	ἐθέλειν	ἐθέλω	pharr3	--pn	347
parts and infs	6175003	ἄρχειν	ἄρχω	pharr9	--pn	347
parts and infs	6175011	ἄρχειν	ἄρχω	pharr9	--pn	347
parts and infs	6175012	ἰέναι	ἔρχομαι	pharr24	--pn	347
parts and infs	6175016	περιμένειν	περιμένω	to wait for	--pn	347
parts and infs	6175018	νενομίσθαι	νομίζω	pharr9	--rn	347
parts and infs	6175027	ἄρχεσθαι	ἄρχω	pharr9	--pn	347
parts and infs	6175033	ἄρχειν	ἄρχω	pharr9	--pn	347
parts and infs	6175036	δείσαντές	δείδω	to fear	-pap	347
parts and infs	6175039	ἄρχειν	ἄρχω	pharr9	--pn	347
parts and infs	6175052	ἄρχειν	ἄρχω	pharr9	--pn	347
parts and infs	6175058	ἰόντες	ἔρχομαι	pharr24	-ppp	347
parts and infs	6175061	εὐπαθήσοντες	εὐπαθέω	to be well off	-pfp	347
parts and infs	6175071	ἔχοντες	ἔχω	pharr10	-ppp	347
parts and infs	6175074	ἐπιτρέψαι	ἐπιτρέπω	to turn over to	--an	347
parts and infs	6175088	εἶναι	εἰμί	pharr17	--pn	347
parts and infs	6175091	ἄρχειν	ἄρχω	pharr9	--pn	347
parts and infs	6175095	ἄρχειν	ἄρχω	pharr9	--pn	347
parts and infs	6175101	γενέσθαι	γίγνομαι	pharr26	--an	347
parts and infs	6175104	ὄντι	εἰμί	pharr17	-spp	347
parts and infs	6175106	ἄρχων	ἄρχω	pharr9	-spp	347
parts and infs	6175111	συμφέρον	συμφέρω	to bring together; impers. to benefit	-spp	347
parts and infs	6175112	σκοπεῖσθαι	σκοπέω	to look at	--pn	347
parts and infs	6175116	ἀρχομένῳ	ἄρχω	pharr9	-spp	347
parts and infs	6175122	γιγνώσκων	γιγνώσκω	to learn to know	-spp	347
parts and infs	6175124	ὠφελεῖσθαι	ὠφελέω	pharr31	--pn	347
parts and infs	6175131	ὠφελῶν	ὠφελέω	pharr31	-spp	347
parts and infs	6175133	ἔχειν	ἔχω	pharr10	--pn	347
parts and infs	6175150	συμφέρον	συμφέρω	to bring together; impers. to benefit	-spp	347
parts and infs	6175166	εἶναι	εἰμί	pharr17	--pn	347
parts and infs	6175176	φάσκων	φάσκω	to say	-spp	347
parts and infs	6175177	εἶναι	εἰμί	pharr17	--pn	347
parts and infs	6175202	λέγεσθαι	λέγω	to pick; to say	--pn	347
parts and infs	6175210	εἶναι	εἰμί	pharr17	--pn	347
parts and infs	6175243	ἐξευρεῖν	ἐξευρίσκω	to find out	--an	348
parts and infs	6175267	ἀντικατατείναντες	ἀντικατατείνω	to stretch out	-pap	348
parts and infs	6175280	εἶναι	εἰμί	pharr17	--pn	348
parts and infs	6175290	ἀριθμεῖν	ἀριθμέω	to number	--pn	348
parts and infs	6175295	μετρεῖν	μετρέω	to measure in any way	--pn	348
parts and infs	6175307	διακρινούντων	διακρίνω	to separate one from another	-pfp	348
parts and infs	6175314	ἀνομολογούμενοι	ἀνομολογέομαι	to agree upon	-ppp	348
parts and infs	6175366	οὔσης	εἰμί	pharr17	-spp	348
parts and infs	6175370	εἶναι	εἰμί	pharr17	--pn	348
parts and infs	6175422	εἰκός	ἔοικα	to be like; to look like	-srp	348
parts and infs	6175436	λυσιτελεῖν	λυσιτελέω	to bring profit	--pn	348
parts and infs	6175487	εἶναι	εἰμί	pharr17	--pn	348
parts and infs	6175501	ἀδικεῖν	ἀδικέω	pharr23	--pn	348
parts and infs	6175507	δυνάμενοι	δύναμαι	to be able	-ppp	348
parts and infs	6175511	ποιεῖσθαι	ποιέω	pharr23	--pn	348
parts and infs	6175521	ἀποτέμνοντας	ἀποτέμνω	to cut off	-ppp	348
parts and infs	6175522	λέγειν	λέγω	to pick; to say	--pn	348
parts and infs	6175559	λέγειν	λέγω	to pick; to say	--pn	348
parts and infs	6175602	ἔχειν	ἔχω	pharr10	--pn	348
parts and infs	6175609	λυσιτελεῖν	λυσιτελέω	to bring profit	--pn	349
parts and infs	6175621	εἶναι	εἰμί	pharr17	--pn	349
parts and infs	6175629	λέγειν	λέγω	to pick; to say	--pn	349
parts and infs	6175632	νομιζόμενα	νομίζω	pharr9	-ppp	349
parts and infs	6175633	λέγοντες	λέγω	to pick; to say	-ppp	349
parts and infs	6175646	εἶναι	εἰμί	pharr17	--pn	349
parts and infs	6175668	θεῖναι	τίθημι	to set	--an	349
parts and infs	6175688	ἐπεξελθεῖν	ἐπεξέρχομαι	to go out against	--an	349
parts and infs	6175689	σκοπούμενον	σκοπέω	to look at	-spp	349
parts and infs	6175695	λέγειν	λέγω	to pick; to say	--pn	349
parts and infs	6175710	σκώπτειν	σκώπτω	to hoot	--pn	349
parts and infs	6175714	δοκοῦντα	δοκέω	pharr23	-ppp	349
parts and infs	6175718	λέγειν	λέγω	to pick; to say	--pn	349
parts and infs	6175754	ἀποκρίνασθαι	ἀποκρίνω	to separate	--an	349
parts and infs	6175764	ἐθέλειν	ἐθέλω	pharr3	--pn	349
parts and infs	6175766	ἔχειν	ἔχω	pharr10	--pn	349
parts and infs	6175803	πλεονεκτεῖν	πλεονεκτέω	to have or claim more than one’s share; to have an advantage	--pn	349
parts and infs	6175807	εἶναι	εἰμί	pharr17	--pn	349
parts and infs	6175847	ἔχειν	ἔχω	pharr10	--pn	349
parts and infs	6175874	πλεονεκτεῖν	πλεονεκτέω	to have or claim more than one’s share; to have an advantage	--pn	349
parts and infs	6175890	ἔχειν	ἔχω	pharr10	--pn	349
parts and infs	6176005	ὢν	εἰμί	pharr17	-spp	349
parts and infs	6176007	ἐοικέναι	ἔοικα	to be like; to look like	--rn	349
parts and infs	6176014	ἐοικέναι	ἔοικα	to be like; to look like	--rn	349
parts and infs	6176100	ἁρμοττόμενος	ἁρμόζω	to fit together	-spp	349
parts and infs	6176102	ἐθέλειν	ἐθέλω	pharr3	--pn	349
parts and infs	6176112	πλεονεκτεῖν	πλεονεκτέω	to have or claim more than one’s share; to have an advantage	--pn	349
parts and infs	6176114	ἀξιοῦν	ἀξιόω	to think worthy of; to expect	--pn	349
parts and infs	6176116	ἔχειν	ἔχω	pharr10	--pn	349
parts and infs	6176139	ἐθέλειν	ἐθέλω	pharr3	--pn	350
parts and infs	6176143	πλεονεκτεῖν	πλεονεκτέω	to have or claim more than one’s share; to have an advantage	--pn	350
parts and infs	6176174	ἐθέλειν	ἐθέλω	pharr3	--pn	350
parts and infs	6176175	αἱρεῖσθαι	αἱρέω	pharr25	--pn	350
parts and infs	6176181	πράττειν	πράσσω	pharr32	--pn	350
parts and infs	6176183	λέγειν	λέγω	to pick; to say	--pn	350
parts and infs	6176206	ἔχειν	ἔχω	pharr10	--pn	350
parts and infs	6176251	πλεονεκτεῖν	πλεονεκτέω	to have or claim more than one’s share; to have an advantage	--pn	350
parts and infs	6176361	εἶναι	εἰμί	pharr17	--pn	350
parts and infs	6176372	ὢν	εἰμί	pharr17	-spp	350
parts and infs	6176402	ἑλκόμενος	ἕλκω	to draw	-spp	350
parts and infs	6176414	ὄντος	εἰμί	pharr17	-spp	350
parts and infs	6176426	ἐρυθριῶντα	ἐρυθριάω	to be apt to blush	-spp	350
parts and infs	6176435	εἶναι	εἰμί	pharr17	--pn	350
parts and infs	6176464	εἶναι	εἰμί	pharr17	--pn	350
parts and infs	6176491	λέγειν	λέγω	to pick; to say	--pn	350
parts and infs	6176500	δημηγορεῖν	δημηγορέω	to speak in the assembly	--pn	350
parts and infs	6176509	εἰπεῖν	λέγω	to pick; to say	--an	350
parts and infs	6176517	ἐρωτᾶν	ἐρωτάω	to ask	--pn	350
parts and infs	6176531	λεγούσαις	λέγω	to pick; to say	-ppp	350
parts and infs	6176557	ἀρέσκειν	ἀρέσκω	(to make good	--pn	350
parts and infs	6176562	λέγειν	λέγω	to pick; to say	--pn	350
parts and infs	6176608	ὂν	εἰμί	pharr17	-spp	351
parts and infs	6176673	σκέψασθαι	σκέπτομαι	to look about	--an	351
parts and infs	6176679	εἶναι	εἰμί	pharr17	--pn	351
parts and infs	6176683	ἐπιχειρεῖν	ἐπιχειρέω	to attempt	--pn	351
parts and infs	6176684	δουλοῦσθαι	δουλόω	to make a slave of	--pn	351
parts and infs	6176687	καταδεδουλῶσθαι	καταδουλόω	to reduce to slavery	--rn	351
parts and infs	6176694	ἔχειν	ἔχω	pharr10	--pn	351
parts and infs	6176695	δουλωσαμένην	δουλόω	to make a slave of	-sap	351
parts and infs	6176712	οὖσα	εἰμί	pharr17	-spp	351
parts and infs	6176735	γιγνομένη	γίγνομαι	pharr26	-spp	351
parts and infs	6176811	ποιῶν	ποιέω	pharr23	-spp	351
parts and infs	6176844	πρᾶξαι	πράσσω	pharr32	--an	351
parts and infs	6176847	δύνασθαι	δύναμαι	to be able	--pn	351
parts and infs	6176915	ποιῶν	ποιέω	pharr23	-spp	351
parts and infs	6176932	ἐμποιεῖν	ἐμποιέω	to make in	--pn	351
parts and infs	6176944	ἐγγιγνομένη	ἐγγίγνομαι	to be born or bred in; be innate	-spp	351
parts and infs	6176945	μισεῖν	μισέω	to hate	--pn	351
parts and infs	6176949	στασιάζειν	στασιάζω	to rebel	--pn	351
parts and infs	6176952	εἶναι	εἰμί	pharr17	--pn	351
parts and infs	6176956	πράττειν	πράσσω	pharr32	--pn	351
parts and infs	6177019	ἔχουσα	ἔχω	pharr10	-spp	352
parts and infs	6177044	ποιεῖν	ποιέω	pharr23	--pn	352
parts and infs	6177045	πράττειν	πράσσω	pharr32	--pn	352
parts and infs	6177050	στασιάζειν	στασιάζω	to rebel	--pn	352
parts and infs	6177052	διαφέρεσθαι	διαφέρω	to carry through; be different from	--pn	352
parts and infs	6177057	εἶναι	εἰμί	pharr17	--pn	352
parts and infs	6177079	ἐνοῦσα	ἔνειμι	to be in; to be possible	-spp	352
parts and infs	6177086	ἐργάζεσθαι	ἐργάζομαι	to work	--pn	352
parts and infs	6177092	πράττειν	πράσσω	pharr32	--pn	352
parts and infs	6177094	στασιάζοντα	στασιάζω	to rebel	-spp	352
parts and infs	6177097	ὁμονοοῦντα	ὁμονοέω	to be of one mind	-spp	352
parts and infs	6177152	θαρρῶν	θαρσέω	to be of good courage	-spp	352
parts and infs	6177179	ἀποκρινόμενος	ἀποκρίνω	to separate	-spp	352
parts and infs	6177193	πράττειν	πράσσω	pharr32	--pn	352
parts and infs	6177202	πράττειν	πράσσω	pharr32	--pn	352
parts and infs	6177219	πρᾶξαι	πράσσω	pharr32	--an	352
parts and infs	6177221	ὄντας	εἰμί	pharr17	-ppp	352
parts and infs	6177235	ὄντες	εἰμί	pharr17	-ppp	352
parts and infs	6177258	ἀδικεῖν	ἀδικέω	pharr23	--pn	352
parts and infs	6177273	ὄντες	εἰμί	pharr17	-ppp	352
parts and infs	6177285	πράττειν	πράσσω	pharr32	--pn	352
parts and infs	6177321	σκέψασθαι	σκέπτομαι	to look about	--an	352
parts and infs	6177350	ἐπιτυχόντος	ἐπιτυγχάνω	to hit the mark	-sap	352
parts and infs	6177360	ζῆν	ζάω	to live	--pn	352
parts and infs	6177380	εἶναι	εἰμί	pharr17	--pn	352
parts and infs	6177444	εἶναι	εἰμί	pharr17	--pn	352
parts and infs	6177479	ἐργασθέντι	ἐργάζομαι	to work	-sap	353
parts and infs	6177505	πυνθανόμενος	πυνθάνομαι	to learn by hearsay	-spp	353
parts and infs	6177536	εἶναι	εἰμί	pharr17	--pn	353
parts and infs	6177549	εἶναι	εἰμί	pharr17	--pn	353
parts and infs	6177626	ἔχοντα	ἔχω	pharr10	-spp	353
parts and infs	6177680	ἐργαζόμενα	ἐργάζομαι	to work	-ppp	353
parts and infs	6177697	στερόμενα	στέρομαι	to be wanting in	-ppp	353
parts and infs	6177739	ὄντων	εἰμί	pharr17	-ppp	353
parts and infs	6177750	ἐπιμελεῖσθαι	ἐπιμελέομαι	pharr25	--pn	353
parts and infs	6177752	ἄρχειν	ἄρχω	pharr9	--pn	353
parts and infs	6177754	βουλεύεσθαι	βουλεύω	pharr13	--pn	353
parts and infs	6177773	εἶναι	εἰμί	pharr17	--pn	353
parts and infs	6177782	ζῆν	ζάω	to live	--pn	353
parts and infs	6177788	εἶναι	εἰμί	pharr17	--pn	353
parts and infs	6177801	εἶναι	εἰμί	pharr17	--pn	353
parts and infs	6177818	στερομένη	στέρομαι	to be wanting in	-spp	353
parts and infs	6177833	ἄρχειν	ἄρχω	pharr9	--pn	353
parts and infs	6177835	ἐπιμελεῖσθαι	ἐπιμελέομαι	pharr25	--pn	353
parts and infs	6177843	πράττειν	πράσσω	pharr32	--pn	353
parts and infs	6177852	εἶναι	εἰμί	pharr17	--pn	353
parts and infs	6177893	ζῶν	ζάω	to live	-spp	354
parts and infs	6177928	εἶναι	εἰμί	pharr17	--pn	354
parts and infs	6177980	χαλεπαίνων	χαλεπαίνω	to be severe	-spp	354
parts and infs	6178002	παραφερομένου	παραφέρω	to bring to	-spp	354
parts and infs	6178004	ἁρπάζοντες	ἁρπάζω	pharr8	-ppp	354
parts and infs	6178010	ἀπολαῦσαι	ἀπολαύω	to have enjoyment of	--an	354
parts and infs	6178023	εὑρεῖν	εὑρίσκω	to find	--an	354
parts and infs	6178031	ἀφέμενος	ἀφίημι	to send forth	-sap	354
parts and infs	6178033	ὁρμῆσαι	ὁρμάω	to set in motion	--an	354
parts and infs	6178036	σκέψασθαι	σκέπτομαι	to look about	--an	354
parts and infs	6178051	ἐμπεσόντος	ἐμπίπτω	to fall in	-sap	354
parts and infs	6178070	ἐλθεῖν	ἔρχομαι	pharr24	--an	354
parts and infs	6178082	εἰδέναι	οἶδα	to know	--rn	354
parts and infs	6178098	οὖσα	εἰμί	pharr17	-spp	354
parts and infs	6178107	ἔχων	ἔχω	pharr10	-spp	354
parts and infs	6178119	εἰπὼν	λέγω	to pick; to say	-sap	357
parts and infs	6178122	ἀπηλλάχθαι	ἀπαλλάσσω	to set free	--rn	357
parts and infs	6178141	ὢν	εἰμί	pharr17	-spp	357
parts and infs	6178166	δοκεῖν	δοκέω	pharr23	--pn	357
parts and infs	6178167	πεπεικέναι	πείθω	pharr9	--rn	357
parts and infs	6178171	πεῖσαι	πείθω	pharr9	--an	357
parts and infs	6178178	εἶναι	εἰμί	pharr17	--pn	357
parts and infs	6178214	εἶναι	εἰμί	pharr17	--pn	357
parts and infs	6178220	ἔχειν	ἔχω	pharr10	--pn	357
parts and infs	6178223	ἀποβαινόντων	ἀποβαίνω	to step off from	-ppp	357
parts and infs	6178224	ἐφιέμενοι	ἐφίημι	to send to; (mid) to long for	-ppp	357
parts and infs	6178230	ἀσπαζόμενοι	ἀσπάζομαι	to welcome kindly	-ppp	357
parts and infs	6178234	χαίρειν	χαίρω	to rejoice	--pn	357
parts and infs	6178251	χαίρειν	χαίρω	to rejoice	--pn	357
parts and infs	6178252	ἔχοντα	ἔχω	pharr10	-spp	357
parts and infs	6178262	εἶναι	εἰμί	pharr17	--pn	357
parts and infs	6178278	γιγνομένων	γίγνομαι	pharr26	-ppp	357
parts and infs	6178283	φρονεῖν	φρονέω	to think	--pn	357
parts and infs	6178286	ὁρᾶν	ὁράω	to see	--pn	357
parts and infs	6178289	ὑγιαίνειν	ὑγιαίνω	to be sound	--pn	357
parts and infs	6178316	γυμνάζεσθαι	γυμνάζω	to train naked	--pn	357
parts and infs	6178319	κάμνοντα	κάμνω	to work	-spp	357
parts and infs	6178320	ἰατρεύεσθαι	ἰατρεύω	to treat medically	--pn	357
parts and infs	6178335	ὠφελεῖν	ὠφελέω	pharr31	--pn	357
parts and infs	6178347	ἔχειν	ἔχω	pharr10	--pn	357
parts and infs	6178405	γιγνόμενα	γίγνομαι	pharr26	-ppp	358
parts and infs	6178410	μέλλοντι	μέλλω	pharr9	-spp	358
parts and infs	6178412	ἔσεσθαι	εἰμί	pharr17	--fn	358
parts and infs	6178429	μισθῶν	μισθόω	to let out for hire	-spp	358
parts and infs	6178444	ὂν	εἰμί	pharr17	-spp	358
parts and infs	6178462	ὂν	εἰμί	pharr17	-spp	358
parts and infs	6178500	δέοντος	δέω	pharr31	-spp	358
parts and infs	6178505	κηληθῆναι	κηλέω	to charm	--an	358
parts and infs	6178520	ἀκοῦσαι	ἀκούω	to hear	--an	358
parts and infs	6178532	ἐνὸν	ἔνειμι	to be in; to be possible	-spp	358
parts and infs	6178542	γιγνόμενα	γίγνομαι	pharr26	-ppp	358
parts and infs	6178546	χαίρειν	χαίρω	to rejoice	--pn	358
parts and infs	6178568	εἶναί	εἰμί	pharr17	--pn	358
parts and infs	6178572	γεγονέναι	γίγνομαι	pharr26	--rn	358
parts and infs	6178580	ἐπιτηδεύοντες	ἐπιτηδεύω	to pursue	-ppp	358
parts and infs	6178626	διατεθρυλημένος	διαθρυλέω	to be commonly reported	-srp	358
parts and infs	6178629	ἀκούων	ἀκούω	to hear	-spp	358
parts and infs	6178657	ἐγκωμιαζόμενον	ἐγκωμιάζω	to praise	-spp	358
parts and infs	6178658	ἀκοῦσαι	ἀκούω	to hear	--an	358
parts and infs	6178665	πυθέσθαι	πυνθάνομαι	to learn by hearsay	--an	358
parts and infs	6178668	κατατείνας	κατατείνω	to stretch	-sap	358
parts and infs	6178673	ἐπαινῶν	ἐπαινέω	to approve	-spp	358
parts and infs	6178675	εἰπὼν	λέγω	to pick; to say	-sap	358
parts and infs	6178685	ἀκούειν	ἀκούω	to hear	--pn	358
parts and infs	6178688	ψέγοντος	ψέγω	to blame	-spp	358
parts and infs	6178692	ἐπαινοῦντος	ἐπαινέω	to approve	-spp	358
parts and infs	6178698	βουλομένῳ	βούλομαι	pharr24	-spp	358
parts and infs	6178717	ἔχων	ἔχω	pharr10	-spp	358
parts and infs	6178719	λέγων	λέγω	to pick; to say	-spp	358
parts and infs	6178721	ἀκούων	ἀκούω	to hear	-spp	358
parts and infs	6178733	ἐρεῖν	λέγω	to pick; to say	--fn	358
parts and infs	6178740	ὄν	εἰμί	pharr17	-spp	358
parts and infs	6178747	πεφυκέναι	φύω	to bring forth	--rn	359
parts and infs	6178753	ἀδικεῖν	ἀδικέω	pharr23	--pn	359
parts and infs	6178758	ἀδικεῖσθαι	ἀδικέω	pharr23	--pn	359
parts and infs	6178764	ὑπερβάλλειν	ὑπερβάλλω	to throw over	--pn	359
parts and infs	6178766	ἀδικεῖσθαι	ἀδικέω	pharr23	--pn	359
parts and infs	6178770	ἀδικεῖν	ἀδικέω	pharr23	--pn	359
parts and infs	6178785	δυναμένοις	δύναμαι	to be able	-ppp	359
parts and infs	6178788	ἐκφεύγειν	ἐκφεύγω	to flee out	--pn	359
parts and infs	6178791	αἱρεῖν	αἱρέω	pharr25	--pn	359
parts and infs	6178793	λυσιτελεῖν	λυσιτελέω	to bring profit	--pn	359
parts and infs	6178794	συνθέσθαι	συντίθημι	to put together	--an	359
parts and infs	6178797	ἀδικεῖν	ἀδικέω	pharr23	--pn	359
parts and infs	6178799	ἀδικεῖσθαι	ἀδικέω	pharr23	--pn	359
parts and infs	6178804	ἄρξασθαι	ἄρχω	pharr9	--an	359
parts and infs	6178806	τίθεσθαι	τίθημι	to set	--pn	359
parts and infs	6178812	ὀνομάσαι	ὀνομάζω	to name	--an	359
parts and infs	6178824	εἶναι	εἰμί	pharr17	--pn	359
parts and infs	6178834	οὖσαν	εἰμί	pharr17	-spp	359
parts and infs	6178838	ὄντος	εἰμί	pharr17	-spp	359
parts and infs	6178841	ἀδικῶν	ἀδικέω	pharr23	-spp	359
parts and infs	6178851	ἀδικούμενος	ἀδικέω	pharr23	-spp	359
parts and infs	6178852	τιμωρεῖσθαι	τιμωρέω	to help	--pn	359
parts and infs	6178861	ὂν	εἰμί	pharr17	-spp	359
parts and infs	6178864	ἀγαπᾶσθαι	ἀγαπάω	to treat with affection	--pn	359
parts and infs	6178873	ἀδικεῖν	ἀδικέω	pharr23	--pn	359
parts and infs	6178874	τιμώμενον	τιμάω	to honor; to value something at a price (gen.)	-spp	359
parts and infs	6178878	δυνάμενον	δύναμαι	to be able	-spp	359
parts and infs	6178880	ποιεῖν	ποιέω	pharr23	--pn	359
parts and infs	6178889	συνθέσθαι	συντίθημι	to put together	--an	359
parts and infs	6178892	ἀδικεῖν	ἀδικέω	pharr23	--pn	359
parts and infs	6178894	ἀδικεῖσθαι	ἀδικέω	pharr23	--pn	359
parts and infs	6178896	μαίνεσθαι	μαίνομαι	to rage	--pn	359
parts and infs	6178929	ἐπιτηδεύοντες	ἐπιτηδεύω	to pursue	-ppp	359
parts and infs	6178932	ἀδικεῖν	ἀδικέω	pharr23	--pn	359
parts and infs	6178947	δόντες	δίδωμι	to give	-pap	359
parts and infs	6178950	ποιεῖν	ποιέω	pharr23	--pn	359
parts and infs	6178964	θεώμενοι	θεάομαι	to look on	-ppp	359
parts and infs	6178983	ἰόντα	ἔρχομαι	pharr24	-spp	359
parts and infs	6178991	διώκειν	διώκω	pharr9	--pn	359
parts and infs	6179028	γενέσθαι	γίγνομαι	pharr26	--an	359
parts and infs	6179030	εἶναι	εἰμί	pharr17	--pn	359
parts and infs	6179035	θητεύοντα	θητεύω	to be a serf	-spp	359
parts and infs	6179045	γενομένου	γίγνομαι	pharr26	-sap	359
parts and infs	6179048	ῥαγῆναί	ἀράσσω	to strike hard	--an	359
parts and infs	6179053	γενέσθαι	γίγνομαι	pharr26	--an	359
parts and infs	6179061	ἰδόντα	ὁράω	to see	-sap	359
parts and infs	6179064	θαυμάσαντα	θαυμάζω	to wonder	-sap	359
parts and infs	6179065	καταβῆναι	καταβαίνω	to step down	--an	359
parts and infs	6179067	ἰδεῖν	ὁράω	to see	--an	359
parts and infs	6179081	ἔχοντα	ἔχω	pharr10	-spp	359
parts and infs	6179085	ἐγκύψαντα	ἐγκύπτω	to stoop down and peep in	-sap	359
parts and infs	6179086	ἰδεῖν	ὁράω	to see	--an	359
parts and infs	6179087	ἐνόντα	ἔνειμι	to be in; to be possible	-spp	359
parts and infs	6179091	φαίνεσθαι	φαίνω	to bring to light	--pn	359
parts and infs	6179109	ὄντα	εἰμί	pharr17	-spp	359
parts and infs	6179110	περιελόμενον	περιαιρέω	to take off something that surrounds	-sap	359
parts and infs	6179111	ἐκβῆναι	ἐκβαίνω	to step out of	--an	359
parts and infs	6179115	γενομένου	γίγνομαι	pharr26	-sap	359
parts and infs	6179118	εἰωθότος	εἴωθα	to be accustomed	-srp	359
parts and infs	6179131	ἀφικέσθαι	ἀφικνέομαι	pharr25	--an	359
parts and infs	6179134	ἔχοντα	ἔχω	pharr10	-spp	359
