parts and infs	6166738	προσευξόμενός	προσεύχομαι	to offer prayers	-sfpm	327
parts and infs	6166746	βουλόμενος	βούλομαι	pharr24	-sppe	327
parts and infs	6166747	θεάσασθαι	θεάομαι	to look on	--anm	327
parts and infs	6166754	ἄγοντες	ἄγω	pharr3	-pppa	327
parts and infs	6166766	εἶναι	εἰμί	pharr17	--pna	327
parts and infs	6166772	πρέπειν	πρέπω	to be clearly seen	--pna	327
parts and infs	6166778	προσευξάμενοι	προσεύχομαι	to offer prayers	-papm	327
parts and infs	6166781	θεωρήσαντες	θεωρέω	to look at	-papa	327
parts and infs	6166787	κατιδὼν	κατοράω	nodef	-sapa	327
parts and infs	6166792	ὡρμημένους	ὁρμάω	to set in motion	-prpe	327
parts and infs	6166797	δραμόντα	τρέχω	to run	-sapa	327
parts and infs	6166800	περιμεῖναί	περιμένω	to wait for	--ana	327
parts and infs	6166802	κελεῦσαι	κελεύω	pharr13	--ana	327
parts and infs	6166809	λαβόμενος	λαμβάνω	pharr21	-sapm	327
parts and infs	6166819	περιμεῖναι	περιμένω	to wait for	--ana	327
parts and infs	6166887	ὡρμῆσθαι	ὁρμάω	to set in motion	--rne	327
parts and infs	6166889	ἀπιόντες	ἀπέρχομαι	to go away	-pppa	327
parts and infs	6166942	ἀφεῖναι	ἀφίημι	to send forth	--ana	327
parts and infs	6166953	πεῖσαι	πείθω	pharr9	--ana	327
parts and infs	6166955	ἀκούοντας	ἀκούω	to hear	-pppa	327
parts and infs	6166966	ἀκουσομένων	ἀκούω	to hear	-pfpm	327
parts and infs	6167006	ἔχοντες	ἔχω	pharr10	-pppa	328
parts and infs	6167009	ἁμιλλώμενοι	ἁμιλλάομαι	to compete	-pppe	328
parts and infs	6167031	θεάσασθαι	θεάομαι	to look on	--anm	328
parts and infs	6167069	εἶναι	εἰμί	pharr17	--pna	328
parts and infs	6167081	ποιεῖν	ποιέω	pharr23	--pna	328
parts and infs	6167134	εἶναι	εἰμί	pharr17	--pna	328
parts and infs	6167145	ἐστεφανωμένος	στεφανόω	to wreathe	-srpe	328
parts and infs	6167153	τεθυκὼς	θύω	to sacrifice	-srpa	328
parts and infs	6167175	ἰδὼν	ὁράω	to see	-sapa	328
parts and infs	6167190	καταβαίνων	καταβαίνω	to step down	-sppa	328
parts and infs	6167208	πορεύεσθαι	πορεύω	pharr24	--pne	328
parts and infs	6167218	ἰέναι	ἔρχομαι	pharr24	--pna	328
parts and infs	6167233	ἰέναι	ἔρχομαι	pharr24	--pna	328
parts and infs	6167297	διαλεγόμενος	διαλέγω	to pick out one from another	-sppe	328
parts and infs	6167305	χρῆναι	χρή	it is fated	--pna	328
parts and infs	6167308	πυνθάνεσθαι	πυνθάνομαι	to learn by hearsay	--pne	328
parts and infs	6167313	προεληλυθότων	προέρχομαι	to go forward	-prpa	328
parts and infs	6167319	πορεύεσθαι	πορεύω	pharr24	--pne	328
parts and infs	6167358	εἶναι	εἰμί	pharr17	--pna	328
parts and infs	6167400	ἔχοντες	ἔχω	pharr10	-pppa	329
parts and infs	6167402	διασῴζοντες	διασῴζω	to preserve through	-pppa	329
parts and infs	6167412	συνιόντες	συνέρχομαι	come together	-pppa	329
parts and infs	6167419	ποθοῦντες	ποθέω	to long for	-pppa	329
parts and infs	6167421	ἀναμιμνῃσκόμενοι	ἀναμιμνῄσκω	nodef	-pppe	329
parts and infs	6167445	ἀπεστερημένοι	ἀποστερέω	to rob	-prpe	329
parts and infs	6167450	ζῶντες	ζάω	to live	-pppa	329
parts and infs	6167455	ζῶντες	ζάω	to live	-pppa	329
parts and infs	6167491	αἰτιᾶσθαι	αἰτιάομαι	to charge	--pne	329
parts and infs	6167538	ἐρωτωμένῳ	ἐρωτάω	to ask	-sppe	329
parts and infs	6167559	συγγίγνεσθαι	συγγίγνομαι	to be with	--pne	329
parts and infs	6167577	λυττῶντά	λυσσάω	to be raging	-sppa	329
parts and infs	6167582	ἀποδράς	ἀποδιδράσκω	to run away	-sapa	329
parts and infs	6167591	εἰπεῖν	λέγω	to pick; to say	--ana	329
parts and infs	6167616	κατατείνουσαι	κατατείνω	to stretch	-pppa	329
parts and infs	6167631	μαινομένων	μαίνομαι	to rage	-pppe	329
parts and infs	6167632	ἀπηλλάχθαι	ἀπαλλάσσω	to set free	--rne	329
parts and infs	6167696	ἀγασθεὶς	ἄγαμαι	to wonder	-sapp	329
parts and infs	6167698	εἰπόντος	λέγω	to pick; to say	-sapa	329
parts and infs	6167701	βουλόμενος	βούλομαι	pharr24	-sppe	329
parts and infs	6167703	λέγειν	λέγω	to pick; to say	--pna	329
parts and infs	6167722	ἀποδέχεσθαι	ἀποδέχομαι	to accept from	--pne	329
parts and infs	6167724	ἡγεῖσθαί	ἡγέομαι	pharr25	--pne	329
parts and infs	6167729	φέρειν	φέρω	pharr30	--pna	329
parts and infs	6167739	κεκτῆσθαι	κτάομαι	to procure for oneself	--rne	329
parts and infs	6167747	εἶναι	εἰμί	pharr17	--pna	329
parts and infs	6167780	λοιδορουμένῳ	λοιδορέω	to abuse	-sppe	330
parts and infs	6167782	λέγοντι	λέγω	to pick; to say	-sppa	330
parts and infs	6167799	ὢν	εἰμί	pharr17	-sppa	330
parts and infs	6167840	πλουτήσας	πλουτέω	to be rich	-sapa	330
parts and infs	6167899	παραλαβὼν	παραλαμβάνω	to receive from	-sapa	330
parts and infs	6167914	οὔσης	εἰμί	pharr17	-sppa	330
parts and infs	6167947	ἀγαπᾶν	ἀγαπάω	to treat with affection	--pna	330
parts and infs	6167965	κτησάμενοι	κτάομαι	to procure for oneself	-papm	330
parts and infs	6167992	χρηματισάμενοι	χρηματίζω	to negotiate	-papm	330
parts and infs	6168012	συγγενέσθαι	συγγίγνομαι	to be with	--anm	330
parts and infs	6168016	ἐθέλοντες	ἐθέλω	pharr3	-pppa	330
parts and infs	6168017	ἐπαινεῖν	ἐπαινέω	to approve	--pna	330
parts and infs	6168047	ἀπολελαυκέναι	ἀπολαύω	to have enjoyment of	--rna	330
parts and infs	6168051	κεκτῆσθαι	κτάομαι	to procure for oneself	--rne	330
parts and infs	6168064	λέγων	λέγω	to pick; to say	-sppa	330
parts and infs	6168082	οἴεσθαι	οἴομαι	to suppose	--pne	330
parts and infs	6168083	τελευτήσειν	τελευτάω	to complete	--fna	330
parts and infs	6168099	λεγόμενοι	λέγω	to pick; to say	-pppe	330
parts and infs	6168109	ἀδικήσαντα	ἀδικέω	pharr23	-sapa	330
parts and infs	6168112	διδόναι	δίδωμι	to give	--pna	330
parts and infs	6168115	καταγελώμενοι	καταγελάω	to laugh at	-pppe	330
parts and infs	6168142	ὢν	εἰμί	pharr17	-sppa	330
parts and infs	6168170	εὑρίσκων	εὑρίσκω	to find	-sppa	331
parts and infs	6168187	ἐγειρόμενος	ἐγείρω	to awaken	-sppe	331
parts and infs	6168200	συνειδότι	σύνοιδα	to share in knowledge	-srpa	331
parts and infs	6168267	εἶναι	εἰμί	pharr17	--pna	331
parts and infs	6168284	ἐξαπατῆσαι	ἐξαπατάω	to deceive	--ana	331
parts and infs	6168286	ψεύσασθαι	ψεύδω	to cheat by lies	--anm	331
parts and infs	6168290	ὀφείλοντα	ὀφείλω	to owe	-sppa	331
parts and infs	6168300	ἀπιέναι	ἀπέρχομαι	to go away	--pna	331
parts and infs	6168301	δεδιότα	δείδω	to fear	-prpa	331
parts and infs	6168334	ἔχοντι	ἔχω	pharr10	-sppa	331
parts and infs	6168341	εἶναι	εἰμί	pharr17	--pna	331
parts and infs	6168366	εἶναι	εἰμί	pharr17	--pna	331
parts and infs	6168371	ἀποδιδόναι	ἀποδίδωμι	to give back	--pna	331
parts and infs	6168391	ποιεῖν	ποιέω	pharr23	--pna	331
parts and infs	6168408	σωφρονοῦντος	σωφρονέω	to be sound of mind	-sppa	331
parts and infs	6168412	μανεὶς	μαίνομαι	to rage	-sapp	331
parts and infs	6168420	ἀποδιδόναι	ἀποδίδωμι	to give back	--pna	331
parts and infs	6168427	ἀποδιδούς	ἀποδίδωμι	to give back	-sppa	331
parts and infs	6168434	ἔχοντα	ἔχω	pharr10	-sppa	331
parts and infs	6168436	ἐθέλων	ἐθέλω	pharr3	-sppa	331
parts and infs	6168439	λέγειν	λέγω	to pick; to say	--pna	331
parts and infs	6168456	λέγειν	λέγω	to pick; to say	--pna	331
parts and infs	6168462	ἀποδιδόναι	ἀποδίδωμι	to give back	--pna	331
parts and infs	6168473	ὑπολαβὼν	ὑπολαμβάνω	take up; understand	-sapa	331
parts and infs	6168482	πείθεσθαι	πείθω	pharr9	--pne	331
parts and infs	6168503	ἐπιμεληθῆναι	ἐπιμελέομαι	pharr25	--anm	331
parts and infs	6168525	γελάσας	γελάω	to laugh	-sapa	331
parts and infs	6168550	λέγοντα	λέγω	to pick; to say	-sppa	331
parts and infs	6168552	λέγειν	λέγω	to pick; to say	--pna	331
parts and infs	6168564	ὀφειλόμενα	ὀφείλω	to owe	-pppe	331
parts and infs	6168566	ἀποδιδόναι	ἀποδίδωμι	to give back	--pna	331
parts and infs	6168571	λέγων	λέγω	to pick; to say	-sppa	331
parts and infs	6168575	λέγειν	λέγω	to pick; to say	--pna	331
parts and infs	6168588	ἀπιστεῖν	ἀπιστέω	to disbelieve	--pna	332
parts and infs	6168628	παρακαταθεμένου	παρακατατίθεμαι	nodef	-sapm	332
parts and infs	6168633	ἀπαιτοῦντι	ἀπαιτέω	to demand back	-sppa	332
parts and infs	6168634	ἀποδιδόναι	ἀποδίδωμι	to give back	--pna	332
parts and infs	6168638	ὀφειλόμενόν	ὀφείλω	to owe	-sppe	332
parts and infs	6168682	ὀφειλόμενα	ὀφείλω	to owe	-pppe	332
parts and infs	6168684	εἶναι	εἰμί	pharr17	--pna	332
parts and infs	6168685	ἀποδιδόναι	ἀποδίδωμι	to give back	--pna	332
parts and infs	6168698	ὀφείλειν	ὀφείλω	to owe	--pna	332
parts and infs	6168704	δρᾶν	δράω	to do	--pna	332
parts and infs	6168719	ὀφειλόμενα	ὀφείλω	to owe	-pppe	332
parts and infs	6168726	παρακαταθεμένῳ	παρακατατίθεμαι	nodef	-sapm	332
parts and infs	6168742	ἀπολαμβάνων	ἀπολαμβάνω	to take away	-sppa	332
parts and infs	6168745	ἀποδιδούς	ἀποδίδωμι	to give back	-sppa	332
parts and infs	6168749	λέγειν	λέγω	to pick; to say	--pna	332
parts and infs	6168767	ὀφειλόμενον	ὀφείλω	to owe	-sppe	332
parts and infs	6168828	προσῆκον	προσήκω	to have come; to belong to	-sppa	332
parts and infs	6168830	ἀποδιδόναι	ἀποδίδωμι	to give back	--pna	332
parts and infs	6168835	ὀφειλόμενον	ὀφείλω	to owe	-sppe	332
parts and infs	6168864	ἀποδιδοῦσα	ἀποδίδωμι	to give back	-sppa	332
parts and infs	6168865	ὀφειλόμενον	ὀφείλω	to owe	-sppe	332
parts and infs	6168867	προσῆκον	προσήκω	to have come; to belong to	-sppa	332
parts and infs	6168877	ἀποκρίνασθαι	ἀποκρίνω	to separate	--anm	332
parts and infs	6168897	ἀποδιδοῦσα	ἀποδίδωμι	to give back	-sppa	332
parts and infs	6168898	ὀφειλόμενον	ὀφείλω	to owe	-sppe	332
parts and infs	6168900	προσῆκον	προσήκω	to have come; to belong to	-sppa	332
parts and infs	6168918	ἀποδιδοῦσα	ἀποδίδωμι	to give back	-sppa	332
parts and infs	6168931	ἀκολουθεῖν	ἀκολουθέω	to follow	--pna	332
parts and infs	6168938	εἰρημένοις	λέγω	to pick; to say	-prpe	332
parts and infs	6168950	ἀποδιδοῦσα	ἀποδίδωμι	to give back	-sppa	332
parts and infs	6168957	ποιεῖν	ποιέω	pharr23	--pna	332
parts and infs	6168971	κάμνοντας	κάμνω	to work	-pppa	332
parts and infs	6168974	ποιεῖν	ποιέω	pharr23	--pna	332
parts and infs	6168987	πλέοντας	πλέω	to sail	-pppa	332
parts and infs	6169010	ὠφελεῖν	ὠφελέω	pharr31	--pna	332
parts and infs	6169013	βλάπτειν	βλάπτω	to disable	--pna	332
parts and infs	6169017	προσπολεμεῖν	προσπολεμέω	to carry on war against	--pna	332
parts and infs	6169021	συμμαχεῖν	συμμαχέω	to be an ally	--pna	332
parts and infs	6169054	πολεμοῦσιν	πολεμόω	to make hostile	-pppa	332
parts and infs	6169124	εἶναι	εἰμί	pharr17	--pna	333
parts and infs	6169219	χρῆσθαι	χράω	to fall upon	--pne	333
parts and infs	6169226	πρίασθαι	πρίαμαι	nodef	--pne	333
parts and infs	6169228	ἀποδόσθαι	ἀποδίδωμι	to give back	--anm	333
parts and infs	6169268	χρῆσθαι	χράω	to fall upon	--pne	333
parts and infs	6169277	παρακαταθέσθαι	παρακατατίθεμαι	nodef	--anm	333
parts and infs	6169280	εἶναι	εἰμί	pharr17	--pna	333
parts and infs	6169291	χρῆσθαι	χράω	to fall upon	--pne	333
parts and infs	6169293	κεῖσθαι	κεῖμαι	to lie; to have been set/put (as perf. pass. of τίθημι)	--pne	333
parts and infs	6169318	φυλάττειν	φυλάσσω	pharr6	--pna	333
parts and infs	6169330	χρῆσθαι	χράω	to fall upon	--pne	333
parts and infs	6169345	φυλάττειν	φυλάσσω	pharr6	--pna	333
parts and infs	6169348	χρῆσθαι	χράω	to fall upon	--pne	333
parts and infs	6169351	εἶναι	εἰμί	pharr17	--pna	333
parts and infs	6169357	χρῆσθαι	χράω	to fall upon	--pne	333
parts and infs	6169408	ὂν	εἰμί	pharr17	-sppa	333
parts and infs	6169418	πατάξαι	πατάσσω	to beat	--ana	333
parts and infs	6169431	φυλάξασθαι	φυλάσσω	pharr6	--anm	333
parts and infs	6169442	φυλάξασθαι	φυλάσσω	pharr6	--anm	333
parts and infs	6169445	λαθεῖν	λανθάνω	to escape notice	--ana	333
parts and infs	6169448	ἐμποιήσας	ἐμποιέω	to make in	-sapa	333
parts and infs	6169467	κλέψαι	κλέπτω	to steal	--ana	334
parts and infs	6169497	φυλάττειν	φυλάσσω	pharr6	--pna	334
parts and infs	6169500	κλέπτειν	κλέπτω	to steal	--pna	334
parts and infs	6169527	μεμαθηκέναι	μανθάνω	to learn	--rna	334
parts and infs	6169547	κεκάσθαι	κάζω	nodef	--rne	334
parts and infs	6169568	εἶναι	εἰμί	pharr17	--pna	334
parts and infs	6169605	ὠφελεῖν	ὠφελέω	pharr31	--pna	334
parts and infs	6169612	βλάπτειν	βλάπτω	to disable	--pna	334
parts and infs	6169620	εἶναι	εἰμί	pharr17	--pna	334
parts and infs	6169623	δοκοῦντας	δοκέω	pharr23	-pppa	334
parts and infs	6169626	εἶναι	εἰμί	pharr17	--pna	334
parts and infs	6169630	ὄντας	εἰμί	pharr17	-pppa	334
parts and infs	6169640	εἰκὸς	ἔοικα	to be like; to look like	-srpa	334
parts and infs	6169650	φιλεῖν	φιλέω	pharr23	--pna	334
parts and infs	6169656	μισεῖν	μισέω	to hate	--pna	334
parts and infs	6169668	δοκεῖν	δοκέω	pharr23	--pna	334
parts and infs	6169673	εἶναι	εἰμί	pharr17	--pna	334
parts and infs	6169675	ὄντας	εἰμί	pharr17	-pppa	334
parts and infs	6169707	ὠφελεῖν	ὠφελέω	pharr31	--pna	334
parts and infs	6169712	βλάπτειν	βλάπτω	to disable	--pna	334
parts and infs	6169726	ἀδικεῖν	ἀδικέω	pharr23	--pna	334
parts and infs	6169737	ἀδικοῦντας	ἀδικέω	pharr23	-pppa	334
parts and infs	6169740	ποιεῖν	ποιέω	pharr23	--pna	334
parts and infs	6169752	εἶναι	εἰμί	pharr17	--pna	334
parts and infs	6169765	βλάπτειν	βλάπτω	to disable	--pna	334
parts and infs	6169770	ὠφελεῖν	ὠφελέω	pharr31	--pna	334
parts and infs	6169791	εἶναι	εἰμί	pharr17	--pna	334
parts and infs	6169795	βλάπτειν	βλάπτω	to disable	--pna	334
parts and infs	6169805	ὠφελεῖν	ὠφελέω	pharr31	--pna	334
parts and infs	6169820	λέγειν	λέγω	to pick; to say	--pna	334
parts and infs	6169841	θέσθαι	τίθημι	to set	--anm	334
parts and infs	6169844	θέμενοι	τίθημι	to set	-papm	334
parts and infs	6169850	δοκοῦντα	δοκέω	pharr23	-sppa	334
parts and infs	6169855	εἶναι	εἰμί	pharr17	--pna	334
parts and infs	6169868	δοκοῦντά	δοκέω	pharr23	-sppa	335
parts and infs	6169877	ὄντα	εἰμί	pharr17	-sppa	335
parts and infs	6169883	δοκοῦντα	δοκέω	pharr23	-sppa	335
parts and infs	6169886	ὄντα	εἰμί	pharr17	-sppa	335
parts and infs	6169890	δοκεῖν	δοκέω	pharr23	--pna	335
parts and infs	6169893	εἶναι	εἰμί	pharr17	--pna	335
parts and infs	6169929	προσθεῖναι	προστίθημι	to add	--ana	335
parts and infs	6169938	λέγοντες	λέγω	to pick; to say	-pppa	335
parts and infs	6169940	εἶναι	εἰμί	pharr17	--pna	335
parts and infs	6169945	ποιεῖν	ποιέω	pharr23	--pna	335
parts and infs	6169956	λέγειν	λέγω	to pick; to say	--pna	335
parts and infs	6169965	ὄντα	εἰμί	pharr17	-sppa	335
parts and infs	6169967	ποιεῖν	ποιέω	pharr23	--pna	335
parts and infs	6169973	ὄντα	εἰμί	pharr17	-sppa	335
parts and infs	6169974	βλάπτειν	βλάπτω	to disable	--pna	335
parts and infs	6169987	λέγεσθαι	λέγω	to pick; to say	--pne	335
parts and infs	6169998	βλάπτειν	βλάπτω	to disable	--pna	335
parts and infs	6170016	βλάπτειν	βλάπτω	to disable	--pna	335
parts and infs	6170018	βλαπτόμενοι	βλάπτω	to disable	-pppe	335
parts and infs	6170050	βλαπτόμενοι	βλάπτω	to disable	-pppe	335
parts and infs	6170077	βλαπτομένους	βλάπτω	to disable	-pppe	335
parts and infs	6170083	γίγνεσθαι	γίγνομαι	pharr26	--pne	335
parts and infs	6170102	βλαπτομένους	βλάπτω	to disable	-pppe	335
parts and infs	6170112	γίγνεσθαι	γίγνομαι	pharr26	--pne	335
parts and infs	6170124	ποιεῖν	ποιέω	pharr23	--pna	335
parts and infs	6170162	ψύχειν	ψύχω	to breathe	--pna	335
parts and infs	6170171	ὑγραίνειν	ὑγραίνω	to wet	--pna	335
parts and infs	6170183	βλάπτειν	βλάπτω	to disable	--pna	335
parts and infs	6170203	βλάπτειν	βλάπτω	to disable	--pna	335
parts and infs	6170226	λέγειν	λέγω	to pick; to say	--pna	335
parts and infs	6170236	ὀφειλόμενα	ὀφείλω	to owe	-pppe	335
parts and infs	6170238	ἀποδιδόναι	ἀποδίδωμι	to give back	--pna	335
parts and infs	6170242	εἶναι	εἰμί	pharr17	--pna	335
parts and infs	6170253	ὀφείλεσθαι	ὀφείλω	to owe	--pne	335
parts and infs	6170269	εἰπών	λέγω	to pick; to say	-sapa	335
parts and infs	6170282	ὂν	εἰμί	pharr17	-sppa	335
parts and infs	6170283	βλάπτειν	βλάπτω	to disable	--pna	335
parts and infs	6170314	εἰρηκέναι	λέγω	to pick; to say	--rna	335
parts and infs	6170332	κοινωνεῖν	κοινωνέω	to have or do in common with	--pna	335
parts and infs	6170346	εἶναι	εἰμί	pharr17	--pna	336
parts and infs	6170351	φάναι	φημί	to say	--pna	336
parts and infs	6170353	εἶναι	εἰμί	pharr17	--pna	336
parts and infs	6170357	ὠφελεῖν	ὠφελέω	pharr31	--pna	336
parts and infs	6170362	βλάπτειν	βλάπτω	to disable	--pna	336
parts and infs	6170371	εἶναι	εἰμί	pharr17	--pna	336
parts and infs	6170384	οἰομένου	οἴομαι	to suppose	-sppe	336
parts and infs	6170385	δύνασθαι	δύναμαι	to be able	--pne	336
parts and infs	6170408	ὂν	εἰμί	pharr17	-sppa	336
parts and infs	6170419	εἶναι	εἰμί	pharr17	--pna	336
parts and infs	6170427	διαλεγομένων	διαλέγω	to pick out one from another	-pppe	336
parts and infs	6170431	ἀντιλαμβάνεσθαι	ἀντιλαμβάνω	to receive instead of	--pne	336
parts and infs	6170438	παρακαθημένων	παρακάθημαι	to be seated beside	-prpe	336
parts and infs	6170440	βουλομένων	βούλομαι	pharr24	-pppe	336
parts and infs	6170441	διακοῦσαι	διακούω	to hear through	--ana	336
parts and infs	6170458	συστρέψας	συστρέφω	to twist up into a ball	-sapa	336
parts and infs	6170466	διαρπασόμενος	διαρπάζω	pharr18	-sfpm	336
parts and infs	6170474	δείσαντες	δείδω	to fear	-papa	336
parts and infs	6170482	φθεγξάμενος	φθέγγομαι	to utter a sound	-sapm	336
parts and infs	6170501	ὑποκατακλινόμενοι	ὑποκατακλίνομαι	nodef	-pppe	336
parts and infs	6170510	εἰδέναι	οἶδα	to know	--rna	336
parts and infs	6170527	ἐγνωκὼς	γιγνώσκω	to learn to know	-srpa	336
parts and infs	6170532	ἐρωτᾶν	ἐρωτάω	to ask	--pna	336
parts and infs	6170534	ἀποκρίνεσθαι	ἀποκρίνω	to separate	--pne	336
parts and infs	6170544	εἶναι	εἰμί	pharr17	--pna	336
parts and infs	6170555	δέον	δέω	pharr31	-sppa	336
parts and infs	6170564	λυσιτελοῦν	λυσιτελέω	to bring profit	-sppa	336
parts and infs	6170572	συμφέρον	συμφέρω	to bring together; impers. to benefit	-sppa	336
parts and infs	6170595	ἀκούσας	ἀκούω	to hear	-sapa	336
parts and infs	6170598	προσβλέπων	προσβλέπω	to look at	-sppa	336
parts and infs	6170617	γενέσθαι	γίγνομαι	pharr26	--anm	336
parts and infs	6170626	ἐξαγριαίνεσθαι	ἐξαγριαίνω	to make savage	--pne	336
parts and infs	6170637	ἀποκρίνασθαι	ἀποκρίνω	to separate	--anm	336
parts and infs	6170641	ὑποτρέμων	ὑποτρέμω	to tremble a little	-sppa	336
parts and infs	6170686	εἶναι	εἰμί	pharr17	--pna	336
parts and infs	6170687	ὑποκατακλίνεσθαι	ὑποκατακλίνομαι	nodef	--pne	336
parts and infs	6170693	διαφθείρειν	διαφθείρω	to destroy	--pna	336
parts and infs	6170700	ζητοῦντας	ζητέω	to seek	-pppa	336
parts and infs	6170710	ὑπείκειν	ὑπείκω	to retire	--pna	336
parts and infs	6170714	σπουδάζειν	σπουδάζω	to make haste	--pna	336
parts and infs	6170717	φανῆναι	φαίνω	to bring to light	--anp	336
parts and infs	6170732	ἐλεεῖσθαι	ἐλεέω	to have pity on	--pne	337
parts and infs	6170737	εἰκός	ἔοικα	to be like; to look like	-srpa	337
parts and infs	6170745	χαλεπαίνεσθαι	χαλεπαίνω	to be severe	--pne	337
parts and infs	6170749	ἀκούσας	ἀκούω	to hear	-sapa	337
parts and infs	6170765	εἰωθυῖα	εἴωθα	to be accustomed	-srpa	337
parts and infs	6170780	ἀποκρίνασθαι	ἀποκρίνω	to separate	--anm	337
parts and infs	6170824	ἐρόμενος	ἔρομαι	to ask	-sapm	337
parts and infs	6170872	πυνθανομένῳ	πυνθάνομαι	to learn by hearsay	-sppe	337
parts and infs	6170901	ὄν	εἰμί	pharr17	-sppa	337
parts and infs	6170950	ἐρωτηθέντι	ἐρωτάω	to ask	-sapp	337
parts and infs	6170957	ἀποκρινεῖσθαι	ἀποκρίνω	to separate	--fnm	337
parts and infs	6170959	φαινόμενον	φαίνω	to bring to light	-sppe	337
parts and infs	6170997	σκεψαμένῳ	σκοπέω	to look at	-sapm	337
parts and infs	6171022	παθεῖν	πάσχω	pharr30	--ana	337
parts and infs	6171034	πάσχειν	πάσχω	pharr30	--pna	337
parts and infs	6171037	εἰδότι	οἶδα	to know	-srpa	337
parts and infs	6171042	μαθεῖν	μανθάνω	to learn	--ana	337
parts and infs	6171045	εἰδότος	οἶδα	to know	-srpa	337
parts and infs	6171052	παθεῖν	πάσχω	pharr30	--ana	337
parts and infs	6171063	μαθεῖν	μανθάνω	to learn	--ana	337
parts and infs	6171108	εἰωθὸς	εἴωθα	to be accustomed	-srpa	337
parts and infs	6171118	ἀποκρινομένου	ἀποκρίνω	to separate	-sppe	337
parts and infs	6171139	εἰδὼς	οἶδα	to know	-srpa	338
parts and infs	6171141	φάσκων	φάσκω	to say	-sppa	338
parts and infs	6171142	εἰδέναι	οἶδα	to know	--rna	338
parts and infs	6171153	ἀπειρημένον	ἀπολέγω	to pick out from; to decline	-srpe	338
parts and infs	6171170	εἰκὸς	ἔοικα	to be like; to look like	-srpa	338
parts and infs	6171171	λέγειν	λέγω	to pick; to say	--pna	338
parts and infs	6171177	εἰδέναι	οἶδα	to know	--rna	338
parts and infs	6171179	ἔχειν	ἔχω	pharr10	--pna	338
parts and infs	6171180	εἰπεῖν	λέγω	to pick; to say	--ana	338
parts and infs	6171191	ἀποκρινόμενος	ἀποκρίνω	to separate	-sppe	338
parts and infs	6171198	διδάξαι	διδάσκω	pharr31	--ana	338
parts and infs	6171203	εἰπόντος	λέγω	to pick; to say	-sapa	338
parts and infs	6171218	ποιεῖν	ποιέω	pharr23	--pna	338
parts and infs	6171226	ἐπιθυμῶν	ἐπιθυμέω	pharr33	-sppa	338
parts and infs	6171227	εἰπεῖν	λέγω	to pick; to say	--ana	338
parts and infs	6171231	ἡγούμενος	ἡγέομαι	pharr25	-sppe	338
parts and infs	6171232	ἔχειν	ἔχω	pharr10	--pna	338
parts and infs	6171238	φιλονικεῖν	φιλονεικέω	nodef	--pna	338
parts and infs	6171242	εἶναι	εἰμί	pharr17	--pna	338
parts and infs	6171244	ἀποκρινόμενον	ἀποκρίνω	to separate	-sppe	338
parts and infs	6171246	τελευτῶν	τελευτάω	to complete	-sppa	338
parts and infs	6171265	ἐθέλειν	ἐθέλω	pharr3	--pna	338
parts and infs	6171266	διδάσκειν	διδάσκω	pharr31	--pna	338
parts and infs	6171272	περιιόντα	περιέρχομαι	to go round	-sppa	338
parts and infs	6171273	μανθάνειν	μανθάνω	to learn	--pna	338
parts and infs	6171278	ἀποδιδόναι	ἀποδίδωμι	to give back	--pna	338
parts and infs	6171304	ἐκτίνειν	ἐκτίνω	to pay off	--pna	338
parts and infs	6171315	ἐπαινεῖν	ἐπαινέω	to approve	--pna	338
parts and infs	6171334	λέγειν	λέγω	to pick; to say	--pna	338
parts and infs	6171349	ἐρεῖν	λέγω	to pick; to say	--fna	338
parts and infs	6171361	εἶναι	εἰμί	pharr17	--pna	338
parts and infs	6171371	συμφέρον	συμφέρω	to bring together; impers. to benefit	-sppa	338
parts and infs	6171401	συμφέρον	συμφέρω	to bring together; impers. to benefit	-sppa	338
parts and infs	6171403	εἶναι	εἰμί	pharr17	--pna	338
parts and infs	6171442	εἶναι	εἰμί	pharr17	--pna	338
parts and infs	6171448	συμφέρον	συμφέρω	to bring together; impers. to benefit	-sppa	338
parts and infs	6171520	ἄρχον	ἄρχω	pharr9	-sppa	338
parts and infs	6171536	συμφέρον	συμφέρω	to bring together; impers. to benefit	-sppa	338
parts and infs	6171551	θέμεναι	τίθημι	to set	-papm	338
parts and infs	6171557	ἀρχομένοις	ἄρχω	pharr9	-pppe	338
parts and infs	6171558	εἶναι	εἰμί	pharr17	--pna	338
parts and infs	6171562	συμφέρον	συμφέρω	to bring together; impers. to benefit	-sppa	338
parts and infs	6171567	ἐκβαίνοντα	ἐκβαίνω	to step out of	-sppa	338
parts and infs	6171570	παρανομοῦντά	παρανομέω	to transgress the law	-sppa	338
parts and infs	6171573	ἀδικοῦντα	ἀδικέω	pharr23	-sppa	338
parts and infs	6171590	εἶναι	εἰμί	pharr17	--pna	339
parts and infs	6171595	καθεστηκυίας	καθίστημι	to set down	-srpa	339
parts and infs	6171597	συμφέρον	συμφέρω	to bring together; impers. to benefit	-sppa	339
parts and infs	6171608	λογιζομένῳ	λογίζομαι	to count	-sppe	339
parts and infs	6171610	εἶναι	εἰμί	pharr17	--pna	339
parts and infs	6171618	συμφέρον	συμφέρω	to bring together; impers. to benefit	-sppa	339
parts and infs	6171637	μαθεῖν	μανθάνω	to learn	--ana	339
parts and infs	6171640	συμφέρον	συμφέρω	to bring together; impers. to benefit	-sppa	339
parts and infs	6171651	εἶναι	εἰμί	pharr17	--pna	339
parts and infs	6171696	συμφέρον	συμφέρω	to bring together; impers. to benefit	-sppa	339
parts and infs	6171699	εἶναι	εἰμί	pharr17	--pna	339
parts and infs	6171712	εἶναι	εἰμί	pharr17	--pna	339
parts and infs	6171741	πείθεσθαι	πείθω	pharr9	--pne	339
parts and infs	6171744	ἄρχουσιν	ἄρχω	pharr9	-pppa	339
parts and infs	6171747	εἶναι	εἰμί	pharr17	--pna	339
parts and infs	6171765	ἁμαρτεῖν	ἁμαρτάνω	to miss	--ana	339
parts and infs	6171775	ἁμαρτεῖν	ἁμαρτάνω	to miss	--ana	339
parts and infs	6171778	ἐπιχειροῦντες	ἐπιχειρέω	to attempt	-pppa	339
parts and infs	6171780	τιθέναι	τίθημι	to set	--pna	339
parts and infs	6171801	συμφέροντά	συμφέρω	to bring together; impers. to benefit	-pppa	339
parts and infs	6171803	τίθεσθαι	τίθημι	to set	--pne	339
parts and infs	6171824	ἀρχομένοις	ἄρχω	pharr9	-pppe	339
parts and infs	6171848	συμφέρον	συμφέρω	to bring together; impers. to benefit	-sppa	339
parts and infs	6171849	ποιεῖν	ποιέω	pharr23	--pna	339
parts and infs	6171857	συμφέρον	συμφέρω	to bring together; impers. to benefit	-sppa	339
parts and infs	6171881	ἀρχομένοις	ἄρχω	pharr9	-pppe	339
parts and infs	6171882	προστάττοντας	προστάσσω	to order	-pppa	339
parts and infs	6171883	ποιεῖν	ποιέω	pharr23	--pna	339
parts and infs	6171886	διαμαρτάνειν	διαμαρτάνω	to go astray from	--pna	339
parts and infs	6171898	εἶναι	εἰμί	pharr17	--pna	339
parts and infs	6171900	ἀρχομένοις	ἄρχω	pharr9	-pppe	339
parts and infs	6171901	ποιεῖν	ποιέω	pharr23	--pna	339
parts and infs	6171922	ποιεῖν	ποιέω	pharr23	--pna	339
parts and infs	6171929	εἶναι	εἰμί	pharr17	--pna	339
parts and infs	6171930	ὡμολογῆσθαί	ὁμολογέω	pharr26	--rne	339
parts and infs	6171945	εἶναι	εἰμί	pharr17	--pna	339
parts and infs	6171948	ποιεῖν	ποιέω	pharr23	--pna	339
parts and infs	6171962	συμβαίνειν	συμβαίνω	meet	--pna	339
parts and infs	6171967	εἶναι	εἰμί	pharr17	--pna	339
parts and infs	6171968	ποιεῖν	ποιέω	pharr23	--pna	339
parts and infs	6171985	ποιεῖν	ποιέω	pharr23	--pna	339
parts and infs	6172013	ὑπολαβών	ὑπολαμβάνω	take up; understand	-sapa	340
parts and infs	6172033	προστάττειν	προστάσσω	to order	--pna	340
parts and infs	6172038	εἶναι	εἰμί	pharr17	--pna	340
parts and infs	6172040	ποιεῖν	ποιέω	pharr23	--pna	340
parts and infs	6172045	κελευόμενα	κελεύω	pharr13	-pppe	340
parts and infs	6172046	ποιεῖν	ποιέω	pharr23	--pna	340
parts and infs	6172055	εἶναι	εἰμί	pharr17	--pna	340
parts and infs	6172068	συμφέρον	συμφέρω	to bring together; impers. to benefit	-sppa	340
parts and infs	6172070	εἶναι	εἰμί	pharr17	--pna	340
parts and infs	6172076	θέμενος	τίθημι	to set	-sapm	340
parts and infs	6172085	κελεύειν	κελεύω	pharr13	--pna	340
parts and infs	6172090	ἀρχομένους	ἄρχω	pharr9	-pppe	340
parts and infs	6172091	ποιεῖν	ποιέω	pharr23	--pna	340
parts and infs	6172103	συμφέρον	συμφέρω	to bring together; impers. to benefit	-sppa	340
parts and infs	6172110	συμφέρον	συμφέρω	to bring together; impers. to benefit	-sppa	340
parts and infs	6172121	συμφέρον	συμφέρω	to bring together; impers. to benefit	-sppa	340
parts and infs	6172128	συμφέρειν	συμφέρω	to bring together; impers. to benefit	--pna	340
parts and infs	6172132	εἶναι	εἰμί	pharr17	--pna	340
parts and infs	6172187	λέγειν	λέγω	to pick; to say	--pna	340
parts and infs	6172194	συμφέρον	συμφέρω	to bring together; impers. to benefit	-sppa	340
parts and infs	6172195	δοκοῦν	δοκέω	pharr23	-sppa	340
parts and infs	6172196	εἶναι	εἰμί	pharr17	--pna	340
parts and infs	6172208	λέγειν	λέγω	to pick; to say	--pna	340
parts and infs	6172219	καλεῖν	καλέω	pharr23	--pna	340
parts and infs	6172221	ἐξαμαρτάνοντα	ἐξαμαρτάνω	to err from the mark	-sppa	340
parts and infs	6172232	λέγειν	λέγω	to pick; to say	--pna	340
parts and infs	6172239	εἶναι	εἰμί	pharr17	--pna	340
parts and infs	6172243	ἐξαμαρτάνειν	ἐξαμαρτάνω	to err from the mark	--pna	340
parts and infs	6172264	ἐξαμαρτάνοντα	ἐξαμαρτάνω	to err from the mark	-sppa	340
parts and infs	6172267	κάμνοντας	κάμνω	to work	-pppa	340
parts and infs	6172344	ἐπιλειπούσης	ἐπιλείπω	to leave behind; to run out	-sppa	340
parts and infs	6172348	ἁμαρτάνων	ἁμαρτάνω	to miss	-sppa	340
parts and infs	6172392	ἀποκρίνεσθαι	ἀποκρίνω	to separate	--pne	341
parts and infs	6172399	ὄν	εἰμί	pharr17	-sppa	341
parts and infs	6172410	ἁμαρτάνειν	ἁμαρτάνω	to miss	--pna	341
parts and infs	6172413	ἁμαρτάνοντα	ἁμαρτάνω	to miss	-sppa	341
parts and infs	6172418	τίθεσθαι	τίθημι	to set	--pne	341
parts and infs	6172423	ἀρχομένῳ	ἄρχω	pharr9	-sppe	341
parts and infs	6172437	ποιεῖν	ποιέω	pharr23	--pna	341
parts and infs	6172438	συμφέρον	συμφέρω	to bring together; impers. to benefit	-sppa	341
parts and infs	6172451	συκοφαντεῖν	συκοφαντέω	to accuse falsely	--pna	341
parts and infs	6172467	κακουργοῦντά	κακουργέω	to do evil	-sppa	341
parts and infs	6172469	ἐρέσθαι	ἔρομαι	to ask	--anm	341
parts and infs	6172492	κακουργῶν	κακουργέω	to do evil	-sppa	341
parts and infs	6172496	λαθὼν	λανθάνω	to escape notice	-sapa	341
parts and infs	6172497	βιάσασθαι	βιάζω	to constrain	--anm	341
parts and infs	6172535	εἰπεῖν	λέγω	to pick; to say	--ana	341
parts and infs	6172547	συμφέρον	συμφέρω	to bring together; impers. to benefit	-sppa	341
parts and infs	6172549	ὄντος	εἰμί	pharr17	-sppa	341
parts and infs	6172554	ποιεῖν	ποιέω	pharr23	--pna	341
parts and infs	6172564	ὄντα	εἰμί	pharr17	-sppa	341
parts and infs	6172595	μανῆναι	μαίνομαι	to rage	--anp	341
parts and infs	6172597	ξυρεῖν	ξυρέω	to shave	--pna	341
parts and infs	6172598	ἐπιχειρεῖν	ἐπιχειρέω	to attempt	--pna	341
parts and infs	6172601	συκοφαντεῖν	συκοφαντέω	to accuse falsely	--pna	341
parts and infs	6172612	ὢν	εἰμί	pharr17	-sppa	341
parts and infs	6172644	καμνόντων	κάμνω	to work	-pppa	341
parts and infs	6172651	ὄντι	εἰμί	pharr17	-sppa	341
parts and infs	6172653	ὄντα	εἰμί	pharr17	-sppa	341
parts and infs	6172656	καμνόντων	κάμνω	to work	-pppa	341
parts and infs	6172721	συμφέρον	συμφέρω	to bring together; impers. to benefit	-sppa	341
parts and infs	6172742	συμφέρον	συμφέρω	to bring together; impers. to benefit	-sppa	341
parts and infs	6172744	ζητεῖν	ζητέω	to seek	--pna	341
parts and infs	6172747	ἐκπορίζειν	ἐκπορίζω	to invent	--pna	341
parts and infs	6172762	συμφέρον	συμφέρω	to bring together; impers. to benefit	-sppa	341
parts and infs	6172768	εἶναι	εἰμί	pharr17	--pna	341
parts and infs	6172785	εἶναι	εἰμί	pharr17	--pna	341
parts and infs	6172808	ηὑρημένη	εὑρίσκω	to find	-srpe	341
parts and infs	6172819	εἶναι	εἰμί	pharr17	--pna	341
parts and infs	6172826	συμφέροντα	συμφέρω	to bring together; impers. to benefit	-pppa	341
parts and infs	6172842	εἰπεῖν	λέγω	to pick; to say	--ana	341
parts and infs	6172844	λέγων	λέγω	to pick; to say	-sppa	341
parts and infs	6172889	συμφέρον	συμφέρω	to bring together; impers. to benefit	-sppa	342
parts and infs	6172893	σκεψομένης	σκοπέω	to look at	-sfpm	342
parts and infs	6172896	ἐκποριούσης	ἐκπορίζω	to invent	-sfpa	342
parts and infs	6172917	συμφέρον	συμφέρω	to bring together; impers. to benefit	-sppa	342
parts and infs	6172922	σκοπουμένῃ	σκοπέω	to look at	-sppe	342
parts and infs	6172936	συμφέρον	συμφέρω	to bring together; impers. to benefit	-sppa	342
parts and infs	6172950	συμφέρον	συμφέρω	to bring together; impers. to benefit	-sppa	342
parts and infs	6172951	σκοπεῖν	σκοπέω	to look at	--pna	342
parts and infs	6172968	συμφέρον	συμφέρω	to bring together; impers. to benefit	-sppa	342
parts and infs	6172969	ζητεῖν	ζητέω	to seek	--pna	342
parts and infs	6172983	οὖσα	εἰμί	pharr17	-sppa	342
parts and infs	6173022	συμφέρον	συμφέρω	to bring together; impers. to benefit	-sppa	342
parts and infs	6173090	συμφέρον	συμφέρω	to bring together; impers. to benefit	-sppa	342
parts and infs	6173101	ἀρχομένου	ἄρχω	pharr9	-sppe	342
parts and infs	6173109	τελευτῶν	τελευτάω	to complete	-sppa	342
parts and infs	6173115	μάχεσθαι	μάχομαι	pharr24	--pne	342
parts and infs	6173140	συμφέρον	συμφέρω	to bring together; impers. to benefit	-sppa	342
parts and infs	6173148	κάμνοντι	κάμνω	to work	-sppa	342
parts and infs	6173156	εἶναι	εἰμί	pharr17	--pna	342
parts and infs	6173157	ἄρχων	ἄρχω	pharr9	-sppa	342
parts and infs	6173175	εἶναι	εἰμί	pharr17	--pna	342
parts and infs	6173176	ἄρχων	ἄρχω	pharr9	-sppa	342
parts and infs	6173195	συμφέρον	συμφέρω	to bring together; impers. to benefit	-sppa	342
parts and infs	6173207	ἀρχομένῳ	ἄρχω	pharr9	-sppe	342
parts and infs	6173235	συμφέρον	συμφέρω	to bring together; impers. to benefit	-sppa	342
parts and infs	6173243	ἀρχομένῳ	ἄρχω	pharr9	-sppe	342
parts and infs	6173253	βλέπων	βλέπω	to see	-sppa	342
parts and infs	6173257	συμφέρον	συμφέρω	to bring together; impers. to benefit	-sppa	342
parts and infs	6173259	πρέπον	πρέπω	to be clearly seen	-sppa	342
parts and infs	6173295	ἀποκρίνεσθαι	ἀποκρίνω	to separate	--pne	343
parts and infs	6173317	ἀποκρίνεσθαι	ἀποκρίνω	to separate	--pne	343
parts and infs	6173322	ἐρωτᾶν	ἐρωτάω	to ask	--pna	343
parts and infs	6173330	κορυζῶντα	κορυζάω	to run at the nose	-sppa	343
parts and infs	6173335	δεόμενον	δέω	pharr31	-sppe	343
parts and infs	6173370	σκοπεῖν	σκοπέω	to look at	--pna	343
parts and infs	6173372	παχύνειν	παχύνω	to thicken	--pna	343
parts and infs	6173375	θεραπεύειν	θεραπεύω	to be an attendant	--pna	343
parts and infs	6173379	βλέποντας	βλέπω	to see	-pppa	343
parts and infs	6173406	διανοεῖσθαι	διανοέω	nodef	--pne	343
parts and infs	6173409	ἀρχομένους	ἄρχω	pharr9	-pppe	343
parts and infs	6173421	σκοπεῖν	σκοπέω	to look at	--pna	343
parts and infs	6173462	ὄντι	εἰμί	pharr17	-sppa	343
parts and infs	6173468	ἄρχοντος	ἄρχω	pharr9	-sppa	343
parts and infs	6173469	συμφέρον	συμφέρω	to bring together; impers. to benefit	-sppa	343
parts and infs	6173474	πειθομένου	πείθω	pharr9	-sppe	343
parts and infs	6173477	ὑπηρετοῦντος	ὑπηρετέω	to do service on board ship	-sppa	343
parts and infs	6173498	ἀρχόμενοι	ἄρχω	pharr9	-pppe	343
parts and infs	6173502	συμφέρον	συμφέρω	to bring together; impers. to benefit	-sppa	343
parts and infs	6173504	ὄντος	εἰμί	pharr17	-sppa	343
parts and infs	6173510	ὑπηρετοῦντες	ὑπηρετέω	to do service on board ship	-pppa	343
parts and infs	6173518	σκοπεῖσθαι	σκοπέω	to look at	--pne	343
parts and infs	6173561	ἔχοντα	ἔχω	pharr10	-sppa	343
parts and infs	6173633	ἔχειν	ἔχω	pharr10	--pna	343
parts and infs	6173640	ὠφελεῖσθαι	ὠφελέω	pharr31	--pne	343
parts and infs	6173644	εἶναι	εἰμί	pharr17	--pna	343
parts and infs	6173649	ἀπεχθέσθαι	ἀπεχθάνομαι	to be hated	--anm	343
parts and infs	6173661	ὑπηρετεῖν	ὑπηρετέω	to do service on board ship	--pna	343
parts and infs	6173683	δυνάμενον	δύναμαι	to be able	-sppe	344
parts and infs	6173684	πλεονεκτεῖν	πλεονεκτέω	to have or claim more than one’s share; to have an advantage	--pna	344
parts and infs	6173692	κρίνειν	κρίνω	to pick out	--pna	344
parts and infs	6173699	εἶναι	εἰμί	pharr17	--pna	344
parts and infs	6173719	ἀδικήσαντα	ἀδικέω	pharr23	-sapa	344
parts and infs	6173725	ἀδικηθέντας	ἀδικέω	pharr23	-papp	344
parts and infs	6173727	ἀδικῆσαι	ἀδικέω	pharr23	--ana	344
parts and infs	6173730	ἐθέλοντας	ἐθέλω	pharr3	-pppa	344
parts and infs	6173768	ἀδικήσας	ἀδικέω	pharr23	-sapa	344
parts and infs	6173794	ἀδικοῦντες	ἀδικέω	pharr23	-pppa	344
parts and infs	6173810	ἀνδραποδισάμενος	ἀνδραποδίζω	to reduce to slavery	-sapm	344
parts and infs	6173840	ἠδικηκότα	ἀδικέω	pharr23	-srpa	344
parts and infs	6173845	ποιεῖν	ποιέω	pharr23	--pna	344
parts and infs	6173850	πάσχειν	πάσχω	pharr30	--pna	344
parts and infs	6173851	φοβούμενοι	φοβέω	to put to flight	-pppe	344
parts and infs	6173854	ὀνειδίζοντες	ὀνειδίζω	to throw a reproach upon	-pppa	344
parts and infs	6173873	γιγνομένη	γίγνομαι	pharr26	-sppe	344
parts and infs	6173885	συμφέρον	συμφέρω	to bring together; impers. to benefit	-sppa	344
parts and infs	6173889	ὄν	εἰμί	pharr17	-sppa	344
parts and infs	6173895	λυσιτελοῦν	λυσιτελέω	to bring profit	-sppa	344
parts and infs	6173898	συμφέρον	συμφέρω	to bring together; impers. to benefit	-sppa	344
parts and infs	6173901	εἰπὼν	λέγω	to pick; to say	-sapa	344
parts and infs	6173907	ἀπιέναι	ἀπέρχομαι	to go away	--pna	344
parts and infs	6173912	καταντλήσας	καταντλέω	to pour	-sapa	344
parts and infs	6173928	παρόντες	πάρειμι	pharr17	-pppa	344
parts and infs	6173932	ὑπομεῖναί	ὑπομένω	to stay behind	--ana	344
parts and infs	6173935	παρασχεῖν	παρέχω	pharr21	--ana	344
parts and infs	6173937	εἰρημένων	λέγω	to pick; to say	-prpe	344
parts and infs	6173956	ἐμβαλὼν	ἐμβάλλω	to throw in	-sapa	344
parts and infs	6173961	ἀπιέναι	ἀπέρχομαι	to go away	--pna	344
parts and infs	6173963	διδάξαι	διδάσκω	pharr31	--ana	344
parts and infs	6173966	μαθεῖν	μανθάνω	to learn	--ana	344
parts and infs	6173976	ἐπιχειρεῖν	ἐπιχειρέω	to attempt	--pna	344
parts and infs	6173978	διορίζεσθαι	διορίζω	to draw a boundary through	--pne	344
parts and infs	6173985	διαγόμενος	διάγω	to carry over	-sppe	344
parts and infs	6174002	ἔχειν	ἔχω	pharr10	--pna	344
parts and infs	6174014	κήδεσθαι	κήδω	to trouble	--pne	344
parts and infs	6174018	φροντίζειν	φροντίζω	to think	--pna	344
parts and infs	6174024	ἀγνοοῦντες	ἀγνοέω	not to perceive	-pppa	344
parts and infs	6174028	εἰδέναι	οἶδα	to know	--rna	344
parts and infs	6174037	ἐνδείξασθαι	ἐνδείκνυμι	to mark	--anm	345
parts and infs	6174047	ὄντας	εἰμί	pharr17	-pppa	345
parts and infs	6174067	εἶναι	εἰμί	pharr17	--pna	345
parts and infs	6174077	πράττειν	πράσσω	pharr32	--pna	345
parts and infs	6174091	ἀδικεῖν	ἀδικέω	pharr23	--pna	345
parts and infs	6174094	λανθάνειν	λανθάνω	to escape notice	--pna	345
parts and infs	6174097	διαμάχεσθαι	διαμάχομαι	to fight	--pne	345
parts and infs	6174139	ποιούμενοι	ποιέω	pharr23	-pppe	345
parts and infs	6174166	φέρων	φέρω	pharr30	-sppa	345
parts and infs	6174224	ὁριζόμενος	ὁρίζω	to divide	-sppe	345
parts and infs	6174231	δεῖν	δέω	pharr31	--pna	345
parts and infs	6174234	φυλάξαι	φυλάσσω	pharr6	--ana	345
parts and infs	6174237	πιαίνειν	πιαίνω	to make fat	--pna	345
parts and infs	6174254	βλέποντα	βλέπω	to see	-sppa	345
parts and infs	6174261	μέλλοντα	μέλλω	pharr9	-sppa	345
parts and infs	6174262	ἑστιάσεσθαι	ἑστιάω	to receive at one's hearth	--fnm	345
parts and infs	6174272	ἀποδόσθαι	ἀποδίδωμι	to give back	--anm	345
parts and infs	6174304	εἶναι	εἰμί	pharr17	--pna	345
parts and infs	6174317	εἶναι	εἰμί	pharr17	--pna	345
parts and infs	6174325	εἶναι	εἰμί	pharr17	--pna	345
parts and infs	6174327	ὁμολογεῖν	ὁμολογέω	pharr26	--pna	345
parts and infs	6174339	σκοπεῖσθαι	σκοπέω	to look at	--pne	345
parts and infs	6174344	ἀρχομένῳ	ἄρχω	pharr9	-sppe	345
parts and infs	6174347	θεραπευομένῳ	θεραπεύω	to be an attendant	-sppe	345
parts and infs	6174367	ἄρχοντας	ἄρχω	pharr9	-pppa	345
parts and infs	6174371	ἄρχειν	ἄρχω	pharr9	--pna	345
parts and infs	6174401	ἄρχειν	ἄρχω	pharr9	--pna	346
parts and infs	6174412	ἐσομένην	εἰμί	pharr17	-sfpm	346
parts and infs	6174415	ἄρχειν	ἄρχω	pharr9	--pna	346
parts and infs	6174418	ἀρχομένοις	ἄρχω	pharr9	-pppe	346
parts and infs	6174433	εἶναι	εἰμί	pharr17	--pna	346
parts and infs	6174439	ἔχειν	ἔχω	pharr10	--pna	346
parts and infs	6174486	πλεῖν	πλέω	to sail	--pna	346
parts and infs	6174522	διορίζειν	διορίζω	to draw a boundary through	--pna	346
parts and infs	6174533	κυβερνῶν	κυβερνάω	to act as pilot	-sppa	346
parts and infs	6174538	συμφέρον	συμφέρω	to bring together; impers. to benefit	-sppa	346
parts and infs	6174540	πλεῖν	πλέω	to sail	--pna	346
parts and infs	6174568	μισθαρνῶν	μισθαρνέω	to work	-sppa	346
parts and infs	6174581	ἰώμενός	ἰάομαι	to heal	-sppe	346
parts and infs	6174597	εἶναι	εἰμί	pharr17	--pna	346
parts and infs	6174618	προσχρώμενοι	προσχράω	nodef	-pppe	346
parts and infs	6174632	ἀρνυμένους	ἄρνυμαι	to receive for oneself	-pppe	346
parts and infs	6174633	ὠφελεῖσθαι	ὠφελέω	pharr31	--pne	346
parts and infs	6174638	προσχρῆσθαι	προσχράω	nodef	--pne	346
parts and infs	6174642	γίγνεσθαι	γίγνομαι	pharr26	--pne	346
parts and infs	6174670	σκοπεῖσθαι	σκοπέω	to look at	--pne	346
parts and infs	6174693	ἑπομένη	ἕπομαι	pharr24	-sppe	346
parts and infs	6174774	ἀρχομένῳ	ἄρχω	pharr9	-sppe	346
parts and infs	6174782	συμφέρον	συμφέρω	to bring together; impers. to benefit	-sppa	346
parts and infs	6174784	ὄντος	εἰμί	pharr17	-sppa	346
parts and infs	6174785	σκοποῦσα	σκοπέω	to look at	-sppa	346
parts and infs	6174806	ἐθέλειν	ἐθέλω	pharr3	--pna	347
parts and infs	6174808	ἄρχειν	ἄρχω	pharr9	--pna	347
parts and infs	6174813	μεταχειρίζεσθαι	μεταχειρίζω	to take in hand	--pne	347
parts and infs	6174814	ἀνορθοῦντα	ἀνορθόω	to set up again	-sppa	347
parts and infs	6174818	αἰτεῖν	αἰτέω	pharr23	--pna	347
parts and infs	6174822	μέλλων	μέλλω	pharr9	-sppa	347
parts and infs	6174826	πράξειν	πράσσω	pharr32	--fna	347
parts and infs	6174837	ἐπιτάττων	ἐπιτάσσω	to put upon one as a duty	-sppa	347
parts and infs	6174841	ἀρχομένῳ	ἄρχω	pharr9	-sppe	347
parts and infs	6174851	δεῖν	δέω	pharr31	--pna	347
parts and infs	6174852	ὑπάρχειν	ὑπάρχω	to begin; to exist	--pna	347
parts and infs	6174854	μέλλουσιν	μέλλω	pharr9	-pppa	347
parts and infs	6174855	ἐθελήσειν	ἐθέλω	pharr3	--fna	347
parts and infs	6174856	ἄρχειν	ἄρχω	pharr9	--pna	347
parts and infs	6174921	ἄρχειν	ἄρχω	pharr9	--pna	347
parts and infs	6174932	εἶναι	εἰμί	pharr17	--pna	347
parts and infs	6174955	ἄρχειν	ἄρχω	pharr9	--pna	347
parts and infs	6174964	πραττόμενοι	πράσσω	pharr32	-pppe	347
parts and infs	6174971	κεκλῆσθαι	καλέω	pharr23	--rne	347
parts and infs	6174979	λαμβάνοντες	λαμβάνω	pharr21	-pppa	347
parts and infs	6174996	προσεῖναι	πρόσειμι	be there (in addition)	--pna	347
parts and infs	6175002	ἐθέλειν	ἐθέλω	pharr3	--pna	347
parts and infs	6175003	ἄρχειν	ἄρχω	pharr9	--pna	347
parts and infs	6175011	ἄρχειν	ἄρχω	pharr9	--pna	347
parts and infs	6175012	ἰέναι	ἔρχομαι	pharr24	--pna	347
parts and infs	6175016	περιμένειν	περιμένω	to wait for	--pna	347
parts and infs	6175018	νενομίσθαι	νομίζω	pharr9	--rne	347
parts and infs	6175027	ἄρχεσθαι	ἄρχω	pharr9	--pne	347
parts and infs	6175033	ἄρχειν	ἄρχω	pharr9	--pna	347
parts and infs	6175036	δείσαντές	δείδω	to fear	-papa	347
parts and infs	6175039	ἄρχειν	ἄρχω	pharr9	--pna	347
parts and infs	6175052	ἄρχειν	ἄρχω	pharr9	--pna	347
parts and infs	6175058	ἰόντες	ἔρχομαι	pharr24	-pppa	347
parts and infs	6175061	εὐπαθήσοντες	εὐπαθέω	to be well off	-pfpa	347
parts and infs	6175071	ἔχοντες	ἔχω	pharr10	-pppa	347
parts and infs	6175074	ἐπιτρέψαι	ἐπιτρέπω	to turn over to	--ana	347
parts and infs	6175088	εἶναι	εἰμί	pharr17	--pna	347
parts and infs	6175091	ἄρχειν	ἄρχω	pharr9	--pna	347
parts and infs	6175095	ἄρχειν	ἄρχω	pharr9	--pna	347
parts and infs	6175101	γενέσθαι	γίγνομαι	pharr26	--anm	347
parts and infs	6175104	ὄντι	εἰμί	pharr17	-sppa	347
parts and infs	6175106	ἄρχων	ἄρχω	pharr9	-sppa	347
parts and infs	6175111	συμφέρον	συμφέρω	to bring together; impers. to benefit	-sppa	347
parts and infs	6175112	σκοπεῖσθαι	σκοπέω	to look at	--pne	347
parts and infs	6175116	ἀρχομένῳ	ἄρχω	pharr9	-sppe	347
parts and infs	6175122	γιγνώσκων	γιγνώσκω	to learn to know	-sppa	347
parts and infs	6175124	ὠφελεῖσθαι	ὠφελέω	pharr31	--pne	347
parts and infs	6175131	ὠφελῶν	ὠφελέω	pharr31	-sppa	347
parts and infs	6175133	ἔχειν	ἔχω	pharr10	--pna	347
parts and infs	6175150	συμφέρον	συμφέρω	to bring together; impers. to benefit	-sppa	347
parts and infs	6175166	εἶναι	εἰμί	pharr17	--pna	347
parts and infs	6175176	φάσκων	φάσκω	to say	-sppa	347
parts and infs	6175177	εἶναι	εἰμί	pharr17	--pna	347
parts and infs	6175202	λέγεσθαι	λέγω	to pick; to say	--pne	347
parts and infs	6175210	εἶναι	εἰμί	pharr17	--pna	347
parts and infs	6175243	ἐξευρεῖν	ἐξευρίσκω	to find out	--ana	348
parts and infs	6175267	ἀντικατατείναντες	ἀντικατατείνω	to stretch out	-papa	348
parts and infs	6175280	εἶναι	εἰμί	pharr17	--pna	348
parts and infs	6175290	ἀριθμεῖν	ἀριθμέω	to number	--pna	348
parts and infs	6175295	μετρεῖν	μετρέω	to measure in any way	--pna	348
parts and infs	6175307	διακρινούντων	διακρίνω	to separate one from another	-pfpa	348
parts and infs	6175314	ἀνομολογούμενοι	ἀνομολογέομαι	to agree upon	-pppe	348
parts and infs	6175366	οὔσης	εἰμί	pharr17	-sppa	348
parts and infs	6175370	εἶναι	εἰμί	pharr17	--pna	348
parts and infs	6175422	εἰκός	ἔοικα	to be like; to look like	-srpa	348
parts and infs	6175436	λυσιτελεῖν	λυσιτελέω	to bring profit	--pna	348
parts and infs	6175487	εἶναι	εἰμί	pharr17	--pna	348
parts and infs	6175501	ἀδικεῖν	ἀδικέω	pharr23	--pna	348
parts and infs	6175507	δυνάμενοι	δύναμαι	to be able	-pppe	348
parts and infs	6175511	ποιεῖσθαι	ποιέω	pharr23	--pne	348
parts and infs	6175521	ἀποτέμνοντας	ἀποτέμνω	to cut off	-pppa	348
parts and infs	6175522	λέγειν	λέγω	to pick; to say	--pna	348
parts and infs	6175559	λέγειν	λέγω	to pick; to say	--pna	348
parts and infs	6175602	ἔχειν	ἔχω	pharr10	--pna	348
parts and infs	6175609	λυσιτελεῖν	λυσιτελέω	to bring profit	--pna	349
parts and infs	6175621	εἶναι	εἰμί	pharr17	--pna	349
parts and infs	6175629	λέγειν	λέγω	to pick; to say	--pna	349
parts and infs	6175632	νομιζόμενα	νομίζω	pharr9	-pppe	349
parts and infs	6175633	λέγοντες	λέγω	to pick; to say	-pppa	349
parts and infs	6175646	εἶναι	εἰμί	pharr17	--pna	349
parts and infs	6175668	θεῖναι	τίθημι	to set	--ana	349
parts and infs	6175688	ἐπεξελθεῖν	ἐπεξέρχομαι	to go out against	--ana	349
parts and infs	6175689	σκοπούμενον	σκοπέω	to look at	-sppe	349
parts and infs	6175695	λέγειν	λέγω	to pick; to say	--pna	349
parts and infs	6175710	σκώπτειν	σκώπτω	to hoot	--pna	349
parts and infs	6175714	δοκοῦντα	δοκέω	pharr23	-pppa	349
parts and infs	6175718	λέγειν	λέγω	to pick; to say	--pna	349
parts and infs	6175754	ἀποκρίνασθαι	ἀποκρίνω	to separate	--anm	349
parts and infs	6175764	ἐθέλειν	ἐθέλω	pharr3	--pna	349
parts and infs	6175766	ἔχειν	ἔχω	pharr10	--pna	349
parts and infs	6175803	πλεονεκτεῖν	πλεονεκτέω	to have or claim more than one’s share; to have an advantage	--pna	349
parts and infs	6175807	εἶναι	εἰμί	pharr17	--pna	349
parts and infs	6175847	ἔχειν	ἔχω	pharr10	--pna	349
parts and infs	6175874	πλεονεκτεῖν	πλεονεκτέω	to have or claim more than one’s share; to have an advantage	--pna	349
parts and infs	6175890	ἔχειν	ἔχω	pharr10	--pna	349
parts and infs	6176005	ὢν	εἰμί	pharr17	-sppa	349
parts and infs	6176007	ἐοικέναι	ἔοικα	to be like; to look like	--rna	349
parts and infs	6176014	ἐοικέναι	ἔοικα	to be like; to look like	--rna	349
parts and infs	6176100	ἁρμοττόμενος	ἁρμόζω	to fit together	-sppe	349
parts and infs	6176102	ἐθέλειν	ἐθέλω	pharr3	--pna	349
parts and infs	6176112	πλεονεκτεῖν	πλεονεκτέω	to have or claim more than one’s share; to have an advantage	--pna	349
parts and infs	6176114	ἀξιοῦν	ἀξιόω	to think worthy of; to expect	--pna	349
parts and infs	6176116	ἔχειν	ἔχω	pharr10	--pna	349
parts and infs	6176139	ἐθέλειν	ἐθέλω	pharr3	--pna	350
parts and infs	6176143	πλεονεκτεῖν	πλεονεκτέω	to have or claim more than one’s share; to have an advantage	--pna	350
parts and infs	6176174	ἐθέλειν	ἐθέλω	pharr3	--pna	350
parts and infs	6176175	αἱρεῖσθαι	αἱρέω	pharr25	--pne	350
parts and infs	6176181	πράττειν	πράσσω	pharr32	--pna	350
parts and infs	6176183	λέγειν	λέγω	to pick; to say	--pna	350
parts and infs	6176206	ἔχειν	ἔχω	pharr10	--pna	350
parts and infs	6176251	πλεονεκτεῖν	πλεονεκτέω	to have or claim more than one’s share; to have an advantage	--pna	350
parts and infs	6176361	εἶναι	εἰμί	pharr17	--pna	350
parts and infs	6176372	ὢν	εἰμί	pharr17	-sppa	350
parts and infs	6176402	ἑλκόμενος	ἕλκω	to draw	-sppe	350
parts and infs	6176414	ὄντος	εἰμί	pharr17	-sppa	350
parts and infs	6176426	ἐρυθριῶντα	ἐρυθριάω	to be apt to blush	-sppa	350
parts and infs	6176435	εἶναι	εἰμί	pharr17	--pna	350
parts and infs	6176464	εἶναι	εἰμί	pharr17	--pna	350
parts and infs	6176491	λέγειν	λέγω	to pick; to say	--pna	350
parts and infs	6176500	δημηγορεῖν	δημηγορέω	to speak in the assembly	--pna	350
parts and infs	6176509	εἰπεῖν	λέγω	to pick; to say	--ana	350
parts and infs	6176517	ἐρωτᾶν	ἐρωτάω	to ask	--pna	350
parts and infs	6176531	λεγούσαις	λέγω	to pick; to say	-pppa	350
parts and infs	6176557	ἀρέσκειν	ἀρέσκω	(to make good	--pna	350
parts and infs	6176562	λέγειν	λέγω	to pick; to say	--pna	350
parts and infs	6176608	ὂν	εἰμί	pharr17	-sppa	351
parts and infs	6176673	σκέψασθαι	σκέπτομαι	to look about	--anm	351
parts and infs	6176679	εἶναι	εἰμί	pharr17	--pna	351
parts and infs	6176683	ἐπιχειρεῖν	ἐπιχειρέω	to attempt	--pna	351
parts and infs	6176684	δουλοῦσθαι	δουλόω	to make a slave of	--pne	351
parts and infs	6176687	καταδεδουλῶσθαι	καταδουλόω	to reduce to slavery	--rne	351
parts and infs	6176694	ἔχειν	ἔχω	pharr10	--pna	351
parts and infs	6176695	δουλωσαμένην	δουλόω	to make a slave of	-sapm	351
parts and infs	6176712	οὖσα	εἰμί	pharr17	-sppa	351
parts and infs	6176735	γιγνομένη	γίγνομαι	pharr26	-sppe	351
parts and infs	6176811	ποιῶν	ποιέω	pharr23	-sppa	351
parts and infs	6176844	πρᾶξαι	πράσσω	pharr32	--ana	351
parts and infs	6176847	δύνασθαι	δύναμαι	to be able	--pne	351
parts and infs	6176915	ποιῶν	ποιέω	pharr23	-sppa	351
parts and infs	6176932	ἐμποιεῖν	ἐμποιέω	to make in	--pna	351
parts and infs	6176944	ἐγγιγνομένη	ἐγγίγνομαι	to be born or bred in; be innate	-sppe	351
parts and infs	6176945	μισεῖν	μισέω	to hate	--pna	351
parts and infs	6176949	στασιάζειν	στασιάζω	to rebel	--pna	351
parts and infs	6176952	εἶναι	εἰμί	pharr17	--pna	351
parts and infs	6176956	πράττειν	πράσσω	pharr32	--pna	351
parts and infs	6177019	ἔχουσα	ἔχω	pharr10	-sppa	352
parts and infs	6177044	ποιεῖν	ποιέω	pharr23	--pna	352
parts and infs	6177045	πράττειν	πράσσω	pharr32	--pna	352
parts and infs	6177050	στασιάζειν	στασιάζω	to rebel	--pna	352
parts and infs	6177052	διαφέρεσθαι	διαφέρω	to carry through; be different from	--pne	352
parts and infs	6177057	εἶναι	εἰμί	pharr17	--pna	352
parts and infs	6177079	ἐνοῦσα	ἔνειμι	to be in; to be possible	-sppa	352
parts and infs	6177086	ἐργάζεσθαι	ἐργάζομαι	to work	--pne	352
parts and infs	6177092	πράττειν	πράσσω	pharr32	--pna	352
parts and infs	6177094	στασιάζοντα	στασιάζω	to rebel	-sppa	352
parts and infs	6177097	ὁμονοοῦντα	ὁμονοέω	to be of one mind	-sppa	352
parts and infs	6177152	θαρρῶν	θαρσέω	to be of good courage	-sppa	352
parts and infs	6177179	ἀποκρινόμενος	ἀποκρίνω	to separate	-sppe	352
parts and infs	6177193	πράττειν	πράσσω	pharr32	--pna	352
parts and infs	6177202	πράττειν	πράσσω	pharr32	--pna	352
parts and infs	6177219	πρᾶξαι	πράσσω	pharr32	--ana	352
parts and infs	6177221	ὄντας	εἰμί	pharr17	-pppa	352
parts and infs	6177235	ὄντες	εἰμί	pharr17	-pppa	352
parts and infs	6177258	ἀδικεῖν	ἀδικέω	pharr23	--pna	352
parts and infs	6177273	ὄντες	εἰμί	pharr17	-pppa	352
parts and infs	6177285	πράττειν	πράσσω	pharr32	--pna	352
parts and infs	6177321	σκέψασθαι	σκέπτομαι	to look about	--anm	352
parts and infs	6177350	ἐπιτυχόντος	ἐπιτυγχάνω	to hit the mark	-sapa	352
parts and infs	6177360	ζῆν	ζάω	to live	--pna	352
parts and infs	6177380	εἶναι	εἰμί	pharr17	--pna	352
parts and infs	6177444	εἶναι	εἰμί	pharr17	--pna	352
parts and infs	6177479	ἐργασθέντι	ἐργάζομαι	to work	-sapm	353
parts and infs	6177505	πυνθανόμενος	πυνθάνομαι	to learn by hearsay	-sppe	353
parts and infs	6177536	εἶναι	εἰμί	pharr17	--pna	353
parts and infs	6177549	εἶναι	εἰμί	pharr17	--pna	353
parts and infs	6177626	ἔχοντα	ἔχω	pharr10	-sppa	353
parts and infs	6177680	ἐργαζόμενα	ἐργάζομαι	to work	-pppe	353
parts and infs	6177697	στερόμενα	στέρομαι	to be wanting in	-pppe	353
parts and infs	6177739	ὄντων	εἰμί	pharr17	-pppa	353
parts and infs	6177750	ἐπιμελεῖσθαι	ἐπιμελέομαι	pharr25	--pne	353
parts and infs	6177752	ἄρχειν	ἄρχω	pharr9	--pna	353
parts and infs	6177754	βουλεύεσθαι	βουλεύω	pharr13	--pne	353
parts and infs	6177773	εἶναι	εἰμί	pharr17	--pna	353
parts and infs	6177782	ζῆν	ζάω	to live	--pna	353
parts and infs	6177788	εἶναι	εἰμί	pharr17	--pna	353
parts and infs	6177801	εἶναι	εἰμί	pharr17	--pna	353
parts and infs	6177818	στερομένη	στέρομαι	to be wanting in	-sppe	353
parts and infs	6177833	ἄρχειν	ἄρχω	pharr9	--pna	353
parts and infs	6177835	ἐπιμελεῖσθαι	ἐπιμελέομαι	pharr25	--pne	353
parts and infs	6177843	πράττειν	πράσσω	pharr32	--pna	353
parts and infs	6177852	εἶναι	εἰμί	pharr17	--pna	353
parts and infs	6177893	ζῶν	ζάω	to live	-sppa	354
parts and infs	6177928	εἶναι	εἰμί	pharr17	--pna	354
parts and infs	6177980	χαλεπαίνων	χαλεπαίνω	to be severe	-sppa	354
parts and infs	6178002	παραφερομένου	παραφέρω	to bring to	-sppe	354
parts and infs	6178004	ἁρπάζοντες	ἁρπάζω	pharr8	-pppa	354
parts and infs	6178010	ἀπολαῦσαι	ἀπολαύω	to have enjoyment of	--ana	354
parts and infs	6178023	εὑρεῖν	εὑρίσκω	to find	--ana	354
parts and infs	6178031	ἀφέμενος	ἀφίημι	to send forth	-sapm	354
parts and infs	6178033	ὁρμῆσαι	ὁρμάω	to set in motion	--ana	354
parts and infs	6178036	σκέψασθαι	σκέπτομαι	to look about	--anm	354
parts and infs	6178051	ἐμπεσόντος	ἐμπίπτω	to fall in	-sapa	354
parts and infs	6178070	ἐλθεῖν	ἔρχομαι	pharr24	--ana	354
parts and infs	6178082	εἰδέναι	οἶδα	to know	--rna	354
parts and infs	6178098	οὖσα	εἰμί	pharr17	-sppa	354
parts and infs	6178107	ἔχων	ἔχω	pharr10	-sppa	354
parts and infs	6178119	εἰπὼν	λέγω	to pick; to say	-sapa	357
parts and infs	6178122	ἀπηλλάχθαι	ἀπαλλάσσω	to set free	--rne	357
parts and infs	6178141	ὢν	εἰμί	pharr17	-sppa	357
parts and infs	6178166	δοκεῖν	δοκέω	pharr23	--pna	357
parts and infs	6178167	πεπεικέναι	πείθω	pharr9	--rna	357
parts and infs	6178171	πεῖσαι	πείθω	pharr9	--ana	357
parts and infs	6178178	εἶναι	εἰμί	pharr17	--pna	357
parts and infs	6178214	εἶναι	εἰμί	pharr17	--pna	357
parts and infs	6178220	ἔχειν	ἔχω	pharr10	--pna	357
parts and infs	6178223	ἀποβαινόντων	ἀποβαίνω	to step off from	-pppa	357
parts and infs	6178224	ἐφιέμενοι	ἐφίημι	to send to; (mid) to long for	-pppe	357
parts and infs	6178230	ἀσπαζόμενοι	ἀσπάζομαι	to welcome kindly	-pppe	357
parts and infs	6178234	χαίρειν	χαίρω	to rejoice	--pna	357
parts and infs	6178251	χαίρειν	χαίρω	to rejoice	--pna	357
parts and infs	6178252	ἔχοντα	ἔχω	pharr10	-sppa	357
parts and infs	6178262	εἶναι	εἰμί	pharr17	--pna	357
parts and infs	6178278	γιγνομένων	γίγνομαι	pharr26	-pppe	357
parts and infs	6178283	φρονεῖν	φρονέω	to think	--pna	357
parts and infs	6178286	ὁρᾶν	ὁράω	to see	--pna	357
parts and infs	6178289	ὑγιαίνειν	ὑγιαίνω	to be sound	--pna	357
parts and infs	6178316	γυμνάζεσθαι	γυμνάζω	to train naked	--pne	357
parts and infs	6178319	κάμνοντα	κάμνω	to work	-sppa	357
parts and infs	6178320	ἰατρεύεσθαι	ἰατρεύω	to treat medically	--pne	357
parts and infs	6178335	ὠφελεῖν	ὠφελέω	pharr31	--pna	357
parts and infs	6178347	ἔχειν	ἔχω	pharr10	--pna	357
parts and infs	6178405	γιγνόμενα	γίγνομαι	pharr26	-pppe	358
parts and infs	6178410	μέλλοντι	μέλλω	pharr9	-sppa	358
parts and infs	6178412	ἔσεσθαι	εἰμί	pharr17	--fnm	358
parts and infs	6178429	μισθῶν	μισθόω	to let out for hire	-sppa	358
parts and infs	6178444	ὂν	εἰμί	pharr17	-sppa	358
parts and infs	6178462	ὂν	εἰμί	pharr17	-sppa	358
parts and infs	6178500	δέοντος	δέω	pharr31	-sppa	358
parts and infs	6178505	κηληθῆναι	κηλέω	to charm	--anp	358
parts and infs	6178520	ἀκοῦσαι	ἀκούω	to hear	--ana	358
parts and infs	6178532	ἐνὸν	ἔνειμι	to be in; to be possible	-sppa	358
parts and infs	6178542	γιγνόμενα	γίγνομαι	pharr26	-pppe	358
parts and infs	6178546	χαίρειν	χαίρω	to rejoice	--pna	358
parts and infs	6178568	εἶναί	εἰμί	pharr17	--pna	358
parts and infs	6178572	γεγονέναι	γίγνομαι	pharr26	--rna	358
parts and infs	6178580	ἐπιτηδεύοντες	ἐπιτηδεύω	to pursue	-pppa	358
parts and infs	6178626	διατεθρυλημένος	διαθρυλέω	to be commonly reported	-srpe	358
parts and infs	6178629	ἀκούων	ἀκούω	to hear	-sppa	358
parts and infs	6178657	ἐγκωμιαζόμενον	ἐγκωμιάζω	to praise	-sppe	358
parts and infs	6178658	ἀκοῦσαι	ἀκούω	to hear	--ana	358
parts and infs	6178665	πυθέσθαι	πυνθάνομαι	to learn by hearsay	--anm	358
parts and infs	6178668	κατατείνας	κατατείνω	to stretch	-sapa	358
parts and infs	6178673	ἐπαινῶν	ἐπαινέω	to approve	-sppa	358
parts and infs	6178675	εἰπὼν	λέγω	to pick; to say	-sapa	358
parts and infs	6178685	ἀκούειν	ἀκούω	to hear	--pna	358
parts and infs	6178688	ψέγοντος	ψέγω	to blame	-sppa	358
parts and infs	6178692	ἐπαινοῦντος	ἐπαινέω	to approve	-sppa	358
parts and infs	6178698	βουλομένῳ	βούλομαι	pharr24	-sppe	358
parts and infs	6178717	ἔχων	ἔχω	pharr10	-sppa	358
parts and infs	6178719	λέγων	λέγω	to pick; to say	-sppa	358
parts and infs	6178721	ἀκούων	ἀκούω	to hear	-sppa	358
parts and infs	6178733	ἐρεῖν	λέγω	to pick; to say	--fna	358
parts and infs	6178740	ὄν	εἰμί	pharr17	-sppa	358
parts and infs	6178747	πεφυκέναι	φύω	to bring forth	--rna	359
parts and infs	6178753	ἀδικεῖν	ἀδικέω	pharr23	--pna	359
parts and infs	6178758	ἀδικεῖσθαι	ἀδικέω	pharr23	--pne	359
parts and infs	6178764	ὑπερβάλλειν	ὑπερβάλλω	to throw over	--pna	359
parts and infs	6178766	ἀδικεῖσθαι	ἀδικέω	pharr23	--pne	359
parts and infs	6178770	ἀδικεῖν	ἀδικέω	pharr23	--pna	359
parts and infs	6178785	δυναμένοις	δύναμαι	to be able	-pppe	359
parts and infs	6178788	ἐκφεύγειν	ἐκφεύγω	to flee out	--pna	359
parts and infs	6178791	αἱρεῖν	αἱρέω	pharr25	--pna	359
parts and infs	6178793	λυσιτελεῖν	λυσιτελέω	to bring profit	--pna	359
parts and infs	6178794	συνθέσθαι	συντίθημι	to put together	--anm	359
parts and infs	6178797	ἀδικεῖν	ἀδικέω	pharr23	--pna	359
parts and infs	6178799	ἀδικεῖσθαι	ἀδικέω	pharr23	--pne	359
parts and infs	6178804	ἄρξασθαι	ἄρχω	pharr9	--anm	359
parts and infs	6178806	τίθεσθαι	τίθημι	to set	--pne	359
parts and infs	6178812	ὀνομάσαι	ὀνομάζω	to name	--ana	359
parts and infs	6178824	εἶναι	εἰμί	pharr17	--pna	359
parts and infs	6178834	οὖσαν	εἰμί	pharr17	-sppa	359
parts and infs	6178838	ὄντος	εἰμί	pharr17	-sppa	359
parts and infs	6178841	ἀδικῶν	ἀδικέω	pharr23	-sppa	359
parts and infs	6178851	ἀδικούμενος	ἀδικέω	pharr23	-sppe	359
parts and infs	6178852	τιμωρεῖσθαι	τιμωρέω	to help	--pne	359
parts and infs	6178861	ὂν	εἰμί	pharr17	-sppa	359
parts and infs	6178864	ἀγαπᾶσθαι	ἀγαπάω	to treat with affection	--pne	359
parts and infs	6178873	ἀδικεῖν	ἀδικέω	pharr23	--pna	359
parts and infs	6178874	τιμώμενον	τιμάω	to honor; to value something at a price (gen.)	-sppe	359
parts and infs	6178878	δυνάμενον	δύναμαι	to be able	-sppe	359
parts and infs	6178880	ποιεῖν	ποιέω	pharr23	--pna	359
parts and infs	6178889	συνθέσθαι	συντίθημι	to put together	--anm	359
parts and infs	6178892	ἀδικεῖν	ἀδικέω	pharr23	--pna	359
parts and infs	6178894	ἀδικεῖσθαι	ἀδικέω	pharr23	--pne	359
parts and infs	6178896	μαίνεσθαι	μαίνομαι	to rage	--pne	359
parts and infs	6178929	ἐπιτηδεύοντες	ἐπιτηδεύω	to pursue	-pppa	359
parts and infs	6178932	ἀδικεῖν	ἀδικέω	pharr23	--pna	359
parts and infs	6178947	δόντες	δίδωμι	to give	-papa	359
parts and infs	6178950	ποιεῖν	ποιέω	pharr23	--pna	359
parts and infs	6178964	θεώμενοι	θεάομαι	to look on	-pppe	359
parts and infs	6178983	ἰόντα	ἔρχομαι	pharr24	-sppa	359
parts and infs	6178991	διώκειν	διώκω	pharr9	--pna	359
parts and infs	6179028	γενέσθαι	γίγνομαι	pharr26	--anm	359
parts and infs	6179030	εἶναι	εἰμί	pharr17	--pna	359
parts and infs	6179035	θητεύοντα	θητεύω	to be a serf	-sppa	359
parts and infs	6179045	γενομένου	γίγνομαι	pharr26	-sapm	359
parts and infs	6179048	ῥαγῆναί	ἀράσσω	to strike hard	--anp	359
parts and infs	6179053	γενέσθαι	γίγνομαι	pharr26	--anm	359
parts and infs	6179061	ἰδόντα	ὁράω	to see	-sapa	359
parts and infs	6179064	θαυμάσαντα	θαυμάζω	to wonder	-sapa	359
parts and infs	6179065	καταβῆναι	καταβαίνω	to step down	--ana	359
parts and infs	6179067	ἰδεῖν	ὁράω	to see	--ana	359
parts and infs	6179081	ἔχοντα	ἔχω	pharr10	-sppa	359
parts and infs	6179085	ἐγκύψαντα	ἐγκύπτω	to stoop down and peep in	-sapa	359
parts and infs	6179086	ἰδεῖν	ὁράω	to see	--ana	359
parts and infs	6179087	ἐνόντα	ἔνειμι	to be in; to be possible	-sppa	359
parts and infs	6179091	φαίνεσθαι	φαίνω	to bring to light	--pne	359
parts and infs	6179109	ὄντα	εἰμί	pharr17	-sppa	359
parts and infs	6179110	περιελόμενον	περιαιρέω	to take off something that surrounds	-sapm	359
parts and infs	6179111	ἐκβῆναι	ἐκβαίνω	to step out of	--ana	359
parts and infs	6179115	γενομένου	γίγνομαι	pharr26	-sapm	359
parts and infs	6179118	εἰωθότος	εἴωθα	to be accustomed	-srpa	359
parts and infs	6179131	ἀφικέσθαι	ἀφικνέομαι	pharr25	--anm	359
parts and infs	6179134	ἔχοντα	ἔχω	pharr10	-sppa	359
